property_id,sale_date,area_sqft,bedrooms,bathrooms,location_score,property_age,distance_city_km,near_school,near_metro,crime_rate_index,house_price_inr
200001,01-01-2014,2181,6,4,8.1,21,3.8,0,0,4.84,35154898
200002,01-12-2019,2383,5,4,5.3,28,10.9,1,1,2.89,26710893
200003,01-10-2016,1047,3,3,5.9,7,27.5,0,1,4.04,11216242
200004,01-03-2013,1753,4,3,7,27,12.1,0,0,3.28,21984310
200005,01-07-2013,1728,4,4,10,32,1.4,0,1,3.84,25080429
200006,01-09-2017,2555,5,3,3.2,25,20.6,0,0,5.63,19298164
200007,01-03-2017,2460,6,5,9,20,6.9,0,1,4.86,42510938
200008,01-04-2022,1880,3,3,6.3,19,10.6,1,1,2.52,19892683
200009,01-02-2019,1057,2,3,8.4,13,5.1,0,0,4.93,13052453
200010,01-07-2017,1022,4,3,5.3,59,16.5,1,1,4.9,9146947
200011,01-12-2018,1521,3,2,8.8,30,1,0,1,4.53,20760706
200012,01-08-2019,1272,2,2,3.5,7,13.8,0,0,0.54,10755029
200013,01-10-2020,1977,4,3,2.9,15,26.7,1,1,2.12,14795896
200014,01-12-2020,2400,4,3,7.1,30,13.5,1,0,5.23,32251580
200015,01-08-2018,1157,3,3,9.5,22,5.9,1,1,4.06,14615008
200016,01-06-2017,1134,3,2,6.3,27,8.5,1,0,9.85,12284878
200017,01-05-2016,2281,4,4,6.4,16,16.9,0,0,2.81,28457652
200018,01-03-2014,1952,4,3,6.7,15,17.2,1,1,5.57,23632881
200019,01-10-2010,1449,3,3,5.7,32,18.2,1,1,7.84,15998558
200020,01-12-2017,1771,3,2,6.9,18,19.4,0,0,0.5,23123981
200021,01-10-2022,622,2,2,9.6,17,6,1,1,4.27,10013911
200022,01-04-2010,1436,2,1,6,25,16.9,1,1,4.99,13445725
200023,01-11-2021,1595,3,2,9.9,15,4.8,1,1,3.43,24072054
200024,01-09-2017,1231,2,2,5.4,17,13.4,0,0,5.41,9848859
200025,01-06-2020,3345,7,5,7.2,13,11.7,1,1,0.61,46353919
200026,01-06-2016,3331,7,6,9.2,21,10,1,1,0.5,55218658
200027,01-09-2013,1126,2,2,8.3,18,5.6,1,1,4.31,12918395
200028,01-02-2022,1203,1,2,7.1,26,9.3,0,0,1.79,14731325
200029,01-12-2022,3230,7,5,7.9,19,13.3,1,1,6.19,50514830
200030,01-12-2015,2494,4,3,7,43,11.2,0,0,2.1,33938737
200031,01-02-2018,3604,7,6,8.7,44,10.7,0,1,6.34,49308274
200032,01-07-2018,1832,3,4,7.2,17,7.7,1,0,3.42,25959432
200033,01-07-2017,1473,4,3,5.4,19,15.9,1,0,2.83,17172316
200034,01-11-2015,1710,3,3,5.8,23,13.3,1,1,1.75,18812421
200035,01-02-2010,2567,5,5,4.7,48,17.2,1,1,4.57,25807574
200036,01-08-2021,1433,3,3,7,18,8.3,0,1,3.14,17340881
200037,01-06-2023,1865,4,4,8.1,15,15.8,1,0,4.8,27945825
200038,01-08-2010,2385,4,3,2.9,13,23.5,0,1,7.2,16352333
200039,01-08-2012,1083,1,1,5.3,24,14.6,1,0,5.29,10319105
200040,01-11-2018,1878,3,2,10,12,10.8,0,0,5.34,34407188
200041,01-08-2019,730,2,1,7.3,35,7.1,0,0,6.81,7693292
200042,01-08-2016,1716,4,3,5,14,14.5,0,0,1.73,17765552
200043,01-02-2014,1456,3,3,6,28,18,1,0,0.54,16761772
200044,01-05-2019,2390,6,5,8.3,15,10.2,1,1,8.27,40953578
200045,01-08-2017,2502,4,4,2.5,14,25.1,1,1,4.3,16080152
200046,01-04-2013,2090,4,2,6.2,13,16.3,0,1,6.98,27899411
200047,01-12-2013,2133,5,4,8.3,11,9.6,1,1,4.11,29448437
200048,01-08-2018,1638,3,2,4.5,9,14.7,1,0,3.28,16877461
200049,01-06-2013,647,2,3,4.7,22,25.1,0,0,0.58,6006314
200050,01-12-2010,1832,3,2,8.2,17,15.6,1,0,8.45,23681018
200051,01-11-2011,1947,6,6,8,24,14.2,0,1,2.71,25827288
200052,01-11-2010,2223,4,4,3.4,22,17.6,0,0,4.81,17748644
200053,01-01-2010,2149,5,4,4.2,2,16.7,1,1,5.75,18414658
200054,01-06-2016,2417,5,5,8.5,44,14.2,1,1,2.92,34535812
200055,01-08-2023,2083,4,3,7.9,18,6.6,0,1,4.6,28796799
200056,01-08-2022,1682,4,3,5.8,18,13.5,0,0,5.81,20063880
200057,01-11-2022,2467,5,4,4.8,10,17.1,0,0,3.17,26398331
200058,01-08-2022,1082,2,2,9,18,4.9,1,1,4.48,16290420
200059,01-05-2017,920,2,3,2.1,23,25.4,1,1,2.37,5823686
200060,01-01-2017,1197,3,3,6.1,24,4.1,1,0,3.27,13835256
200061,01-06-2020,1615,3,3,5.7,31,11.6,0,0,2.29,20939132
200062,01-04-2019,1601,3,3,6.7,31,3.1,0,0,5.6,16070017
200063,01-09-2013,1715,2,2,3.8,7,19.7,1,1,8.05,13577788
200064,01-07-2010,1694,4,3,6.8,10,14.6,1,0,5.38,24399745
200065,01-02-2023,1580,3,2,8.8,27,3.6,0,1,3.62,25575464
200066,01-02-2017,988,2,1,4.8,18,18.6,1,1,5.3,8192715
200067,01-12-2017,1504,4,3,6.6,28,15.2,1,1,3.66,22791371
200068,01-03-2022,910,3,4,3.6,12,24.1,0,0,0.7,8920377
200069,01-06-2017,1831,4,4,4.8,60,18,1,0,8.8,15967991
200070,01-07-2010,708,1,1,7.8,28,11.2,0,0,5.54,8043137
200071,01-09-2015,1697,3,3,4.8,11,24.9,1,0,3.53,17298946
200072,01-12-2014,1518,3,2,8.4,19,8.3,1,1,3,19682473
200073,01-05-2013,2594,5,5,6,28,18.9,0,0,4.73,34110969
200074,01-01-2011,1448,3,4,8.6,13,6.5,0,0,4.53,22332562
200075,01-12-2013,1395,2,2,6.3,17,10.4,1,0,4.74,12371536
200076,01-10-2021,2249,4,4,8.2,15,7.7,1,1,4.5,30981050
200077,01-10-2021,1824,2,3,3.8,17,30.3,0,0,4.58,17285362
200078,01-06-2011,2523,5,4,6.4,10,2.8,1,0,2.88,31036624
200079,01-09-2013,2008,3,3,9.1,45,8.4,0,1,4.1,27213517
200080,01-11-2021,2024,4,4,6.4,7,8.9,0,0,5.93,25116019
200081,01-08-2014,1966,4,4,6.5,14,7.9,0,1,4.17,21895772
200082,01-01-2013,1116,2,1,8.5,37,1.7,1,0,1.5,13781332
200083,01-10-2011,1464,3,3,7.9,11,10.2,1,1,4.18,24097530
200084,01-09-2021,1654,3,3,5,6,18.6,1,1,5.91,19776424
200085,01-03-2019,1267,3,3,5.8,27,12,1,0,6.99,12357642
200086,01-09-2015,1301,1,1,5.2,28,23.6,0,1,4.8,11692048
200087,01-07-2019,500,1,1,3.8,22,11.7,0,1,7,3878760
200088,01-06-2023,2150,4,3,5.8,5,19.4,1,1,1.85,26746775
200089,01-12-2011,2004,3,2,4.9,7,14.4,0,0,2.87,15462140
200090,01-06-2012,1359,2,1,10,12,3.3,1,0,4.02,21234474
200091,01-05-2013,2002,3,2,6.6,80,14.6,1,0,1.86,17721620
200092,01-03-2012,1282,3,4,6.6,15,12.9,1,0,1.29,17750915
200093,01-12-2012,1194,2,2,7.7,33,7.9,1,0,2.32,14977848
200094,01-10-2015,2028,4,3,4.9,14,8.7,0,0,6.31,20345299
200095,01-04-2017,2347,6,5,4.6,17,16.6,0,0,3,21143041
200096,01-11-2013,2370,5,4,6.6,11,12.5,1,1,2.93,25089276
200097,01-04-2021,1833,4,4,6.1,27,1.6,0,1,2.73,22312068
200098,01-11-2020,1750,3,3,8.9,6,8.4,1,0,4.42,31287577
200099,01-08-2010,1644,4,4,5.6,62,22.3,0,1,4.74,15744355
200100,01-01-2022,2148,4,3,4.4,28,11.4,0,1,3.95,23096569
200101,01-10-2023,1278,3,3,7.7,52,15.9,1,0,3.54,16069668
200102,01-05-2021,1496,4,3,6.3,20,10.5,1,1,0.9,22145965
200103,01-01-2019,2395,5,3,6.9,32,12.3,1,0,4.85,25223779
200104,01-04-2019,897,1,1,7.2,26,7.5,1,0,4.01,11477327
200105,01-12-2022,1556,2,2,7.4,25,1.4,0,1,6.29,23871304
200106,01-03-2013,1837,4,2,6,21,5.7,0,0,3.17,21044432
200107,01-01-2022,967,2,2,6.5,30,21,1,0,2.97,12139246
200108,01-12-2014,1743,3,1,5.9,29,10.3,0,0,6.65,19392163
200109,01-03-2015,1563,2,1,5.9,24,24.7,1,0,1.62,16319307
200110,01-02-2022,2429,4,4,7.8,15,5.5,0,1,3.47,30155121
200111,01-05-2021,1577,2,3,7.1,7,10,1,0,0.5,25207971
200112,01-12-2013,1893,5,5,4.1,25,22.6,1,1,1.43,21093985
200113,01-12-2010,1871,4,3,5,30,11.5,1,1,3.7,17707278
200114,01-04-2014,1604,3,2,5.1,26,21.4,1,0,5.39,14831705
200115,01-11-2021,1639,4,3,5.5,7,20.3,0,0,3.55,18177426
200116,01-09-2018,2144,4,4,7.6,21,16.6,0,0,8.32,24217283
200117,01-11-2020,2538,4,3,7,9,11.8,0,0,3.47,29329971
200118,01-02-2020,1460,4,4,5,26,19,1,1,6.13,13152500
200119,01-03-2016,1466,5,5,5.9,22,9.8,0,1,2.7,17937568
200120,01-04-2021,1241,1,1,5,58,25,1,0,3.85,11240336
200121,01-11-2017,1458,4,3,5.2,22,21.4,1,0,0.5,15865566
200122,01-11-2023,1191,3,3,4.6,24,15.8,1,0,5.81,8969469
200123,01-06-2012,1739,3,2,7.4,18,19.5,0,0,4.9,16499736
200124,01-12-2017,1723,4,4,7.2,15,7.8,1,1,5.59,23086679
200125,01-10-2013,1399,3,3,5.7,14,19.2,1,0,3.16,13679724
200126,01-08-2023,1416,3,2,6.8,39,17.2,1,0,6.46,15536564
200127,01-07-2022,2885,7,6,7.3,10,15,1,0,2.36,39236694
200128,01-06-2022,2030,4,3,5.6,45,9.3,0,1,1.96,20600861
200129,01-04-2023,1837,4,3,7.7,8,3.5,0,0,3.17,28789189
200130,01-08-2018,2614,4,4,7.2,14,11.4,0,1,2.05,38212090
200131,01-08-2016,1039,3,3,4.4,25,19.9,0,0,2.84,8817901
200132,01-06-2016,1638,3,2,7.1,15,15.4,1,1,4.28,18531468
200133,01-07-2015,2406,4,3,5.1,28,16.1,1,0,1.52,26260113
200134,01-01-2016,1986,4,4,6.5,33,1,0,1,2.02,26781969
200135,01-11-2015,2030,5,3,7.3,19,6.4,1,1,4.21,26819570
200136,01-12-2022,1750,4,4,3.4,21,21.7,1,1,4.56,14332843
200137,01-10-2021,1772,3,1,4.9,60,7.5,1,0,4.25,16586876
200138,01-03-2017,2631,4,3,4.9,37,15.9,1,1,3.3,22203420
200139,01-09-2011,2825,6,5,3.9,22,32.2,0,1,4.35,25981879
200140,01-04-2020,1512,3,3,9,29,6.2,1,1,3.76,20983592
200141,01-02-2015,1546,4,3,7.4,40,7.1,0,0,4.36,19580256
200142,01-12-2014,1029,3,2,7.5,26,13.9,1,1,7.01,12299592
200143,01-05-2014,1592,5,4,8.9,3,1.5,0,0,1.2,27052653
200144,01-09-2019,1235,3,2,4.7,19,16.1,1,1,7.28,13029155
200145,01-03-2019,1706,4,4,6.1,11,14.4,0,1,4.34,20124915
200146,01-04-2023,2224,5,5,5.1,48,7,0,0,4.39,20439633
200147,01-02-2020,1446,4,3,5.9,23,17.6,1,0,1.84,18175958
200148,01-12-2010,1844,3,3,5.9,16,14.6,1,0,7.12,21711507
200149,01-01-2022,1334,3,3,6.8,3,12.3,1,0,1.02,18792452
200150,01-07-2016,2088,4,3,10,9,1.8,1,0,5.8,37982722
200151,01-11-2012,1966,3,3,8.3,38,11.9,1,1,0.65,28391056
200152,01-11-2022,1297,2,2,6,5,13.8,0,0,3.47,15283124
200153,01-09-2016,983,2,1,4.6,6,12.1,1,1,5.32,11355740
200154,01-12-2018,1850,3,3,8.5,43,9.3,1,0,6.09,23769472
200155,01-01-2012,750,1,2,5.2,11,17,0,0,4.42,7322728
200156,01-01-2021,1729,3,3,9.2,24,1,0,1,5.81,26897297
200157,01-03-2020,1991,4,4,3.1,7,20.2,1,1,3.31,15914695
200158,01-06-2014,500,1,2,5.4,22,23.9,0,0,3.15,3834943
200159,01-02-2011,1652,3,4,4,26,14.7,0,1,0.78,14587668
200160,01-04-2023,1892,4,3,6,22,14.7,1,1,5.13,21928355
200161,01-01-2016,1964,3,2,6.7,31,13.1,0,0,3.98,26016483
200162,01-03-2020,1158,2,1,6.3,6,8,1,1,4.9,16770050
200163,01-06-2011,1892,3,3,7.3,29,3.9,1,0,7.57,23394976
200164,01-03-2015,1906,5,4,5.6,22,18.4,0,1,5.37,20864556
200165,01-03-2011,1960,4,4,5.5,31,15.6,0,1,3.22,21757599
200166,01-07-2016,1541,4,4,3.8,15,17.2,0,0,4.51,13195598
200167,01-04-2022,2178,3,3,5.3,27,14,1,0,4.82,25335496
200168,01-01-2019,2281,5,4,9,21,2.2,1,0,3.16,35592786
200169,01-01-2018,2842,7,5,4.4,21,30,0,1,5.01,32105390
200170,01-06-2022,1821,4,3,6.9,17,11.8,1,1,5.06,29686941
200171,01-01-2016,1843,4,4,9.9,9,1,1,0,3,31946625
200172,01-10-2015,1631,3,3,2.3,9,20.7,1,0,0.5,10150563
200173,01-09-2019,2537,5,4,4.6,11,19.7,1,1,5.58,25713987
200174,01-04-2017,1399,3,2,10,6,1,1,0,5.19,25318099
200175,01-07-2015,1716,4,3,6.6,18,8.6,0,1,3.63,23507944
200176,01-06-2014,2308,5,4,7.7,21,8.1,1,1,5.8,30379260
200177,01-05-2021,1943,5,3,8.3,40,2.4,0,0,4.29,21793981
200178,01-08-2022,1834,2,2,5.5,25,12.8,1,1,0.5,18772768
200179,01-09-2019,1784,2,3,9.9,6,9,1,0,3.8,30986701
200180,01-12-2021,1850,3,2,7.8,24,9.2,0,1,0.57,26440531
200181,01-09-2016,1860,3,2,6.6,16,11.8,1,0,5.84,22807283
200182,01-04-2018,2359,6,4,6.5,22,12,1,0,0.8,33547764
200183,01-07-2011,2103,5,4,7.7,18,17.3,1,0,3.59,27602094
200184,01-11-2015,989,2,2,9.2,41,1,0,1,2.61,15389581
200185,01-11-2015,1134,2,2,9.1,8,1,1,1,2.88,20064979
200186,01-10-2021,2276,5,5,6.6,13,9.8,1,1,6.41,35155172
200187,01-02-2022,2527,5,4,4.3,25,12.6,1,0,2.58,25565244
200188,01-07-2018,1769,3,4,4.2,26,23.1,1,1,3.79,18111503
200189,01-10-2013,1337,2,2,5.3,16,20.3,1,0,5.17,11351647
200190,01-03-2017,2458,5,4,7.1,24,8.1,1,0,2.51,35531361
200191,01-05-2017,2106,4,4,5.6,15,16.3,1,0,1.34,24285744
200192,01-05-2019,1916,5,5,7.7,13,11.8,0,1,3.71,30205872
200193,01-04-2022,1030,3,3,4.9,57,17.3,0,0,4.74,9156952
200194,01-06-2022,1178,3,3,7.2,20,2.7,1,1,1.89,16747270
200195,01-11-2023,873,2,2,5.8,52,22.7,0,0,0.71,8774855
200196,01-02-2014,1599,2,3,5.8,14,11,1,1,3.43,17126050
200197,01-01-2017,2002,5,3,2.8,18,16.7,0,1,1.4,17358936
200198,01-09-2015,1308,3,4,4.4,4,3.9,0,0,6.26,11696494
200199,01-12-2020,753,2,2,9,14,14.5,1,0,4.71,11009128
200200,01-06-2019,1468,4,3,7.6,28,10.5,0,0,7.62,20445573
200201,01-11-2016,1451,3,2,3.7,17,17.9,0,0,3.75,12459403
200202,01-01-2021,1142,3,3,7.9,23,12.3,1,1,4.36,15342862
200203,01-04-2021,1980,4,3,10,12,1,1,1,4.91,32416851
200204,01-01-2012,2427,6,5,9.6,16,8,1,1,6.1,38129574
200205,01-08-2022,2004,4,4,7.1,30,13.8,1,1,2.01,28750005
200206,01-11-2010,2029,4,3,7.3,19,8.5,1,0,2.75,27777917
200207,01-11-2015,1142,3,4,5.4,24,12.4,0,1,3.44,10456422
200208,01-06-2013,2083,3,2,4.3,3,15.1,1,0,1.9,23633501
200209,01-10-2023,1642,3,2,9.3,17,2.4,0,0,10.85,24145623
200210,01-10-2010,1663,3,1,6.5,18,19,1,1,4.5,20036170
200211,01-03-2015,922,1,1,5,19,23.3,1,0,5.56,7899521
200212,01-06-2017,1860,3,3,6.7,12,16.3,1,0,7.75,20094394
200213,01-01-2011,1255,3,3,3.1,23,16.1,1,0,3.88,10963511
200214,01-12-2023,2371,6,5,6.5,36,12.7,1,0,2.95,34730369
200215,01-01-2018,1423,3,2,7.6,3,5.3,0,0,4.52,20912427
200216,01-11-2014,824,2,1,8,14,8.6,1,0,2.3,11927410
200217,01-11-2021,1395,3,3,4.6,40,18.6,1,0,4.4,13754136
200218,01-08-2023,1367,3,3,7.6,10,16,1,1,2.04,17001111
200219,01-12-2019,1336,3,2,10,12,8.1,0,0,3.08,23469987
200220,01-06-2020,1664,2,2,6.8,18,15.1,0,1,3.71,24001967
200221,01-05-2010,1710,3,3,7.2,15,9.6,1,1,4.95,22156696
200222,01-08-2012,1647,2,2,7.5,35,19.9,0,0,2.87,21773343
200223,01-05-2010,1974,3,3,4.4,17,16.2,1,1,3.57,15951464
200224,01-06-2017,1620,4,3,4.2,20,20.3,1,0,4.99,14767452
200225,01-02-2016,826,1,2,5.6,39,16.3,0,0,5.04,7395127
200226,01-07-2012,2105,4,3,6.5,32,9.7,1,0,3.54,22540482
200227,01-09-2019,1801,3,3,5.8,23,17.2,1,0,4.57,20065951
200228,01-02-2019,1515,3,2,5.8,30,17.2,1,1,4.22,17470822
200229,01-01-2023,771,2,1,7.7,6,5.2,1,0,4.06,11143221
200230,01-06-2015,1296,2,1,8.5,19,11,0,1,4.75,18196914
200231,01-08-2021,957,1,2,3.6,26,28.5,1,1,4.62,7397116
200232,01-03-2011,1638,3,2,4.1,32,21.4,1,0,5.89,14564769
200233,01-08-2010,939,2,2,6.4,12,10.8,0,1,5.04,11290670
200234,01-02-2010,2437,4,3,6.2,36,23.1,0,0,3.14,29389444
200235,01-05-2019,1782,3,2,8.4,14,12,0,0,5.15,30597387
200236,01-01-2011,2029,5,4,8.6,8,11.9,1,0,2.8,32972111
200237,01-03-2011,1392,2,1,5.1,47,20,1,1,3.77,13603391
200238,01-09-2015,500,2,2,9.4,17,5.1,1,1,3.37,7314457
200239,01-01-2013,2824,6,4,8.6,13,1.7,0,0,4.4,44983063
200240,01-04-2012,2444,6,5,5.8,25,12.6,0,1,6.51,31044115
200241,01-10-2010,1484,4,4,8.1,11,7.3,1,0,7.27,19200419
200242,01-01-2023,1942,4,3,6,49,14.1,1,0,6.68,22888039
200243,01-01-2020,2630,6,4,4.9,16,17.2,1,0,1.89,30631355
200244,01-04-2020,2207,4,5,7.8,14,12.7,0,0,4.6,30060451
200245,01-04-2014,1169,1,2,6,34,15.1,1,1,4.49,12026031
200246,01-11-2020,1502,2,1,8.3,23,3.8,1,1,0.9,24515004
200247,01-11-2021,2472,6,6,5.9,28,11.2,0,1,7.34,30310036
200248,01-02-2022,2756,4,3,8.6,11,7.6,1,0,4.33,40730079
200249,01-07-2018,2039,3,2,4.7,17,12.5,1,0,7.61,17577752
200250,01-12-2017,1803,4,3,4.8,12,9.9,0,1,4.58,17873191
200251,01-09-2011,2255,6,4,6.1,7,9.7,1,1,4.84,29759170
200252,01-02-2014,2093,5,5,6.1,20,11,0,1,3.57,27553101
200253,01-12-2019,2851,5,5,5.3,42,26.3,0,0,5.56,30329205
200254,01-09-2022,1688,3,3,5.7,27,10.7,0,0,5.98,18450495
200255,01-06-2013,1670,4,3,6.8,36,11.3,0,0,4.21,17113308
200256,01-04-2016,1467,2,2,5.7,26,15.4,1,0,3.49,14686338
200257,01-08-2020,2588,5,5,8.5,39,10.8,1,1,0.63,38540311
200258,01-10-2022,1433,2,2,9.1,21,8.6,0,1,2.55,20005091
200259,01-10-2017,1957,5,5,9,9,9.1,1,1,9.98,24526045
200260,01-04-2011,1568,3,2,8.5,15,7.6,1,0,3.12,19370236
200261,01-02-2010,2319,5,3,5,32,18.3,1,1,1.88,23609228
200262,01-04-2012,2243,3,2,5.9,18,10.5,1,1,6.73,24969694
200263,01-12-2017,1714,4,3,4.8,39,27.4,0,1,9.94,15772611
200264,01-08-2022,2149,5,4,5,9,20.4,1,0,3.09,27509252
200265,01-11-2010,1511,3,2,6.3,15,9.7,0,1,4.9,16058511
200266,01-05-2010,1702,4,3,8.2,14,8.7,1,0,5.47,25506997
200267,01-03-2022,2573,5,3,3.2,80,22.1,0,0,5.61,17475726
200268,01-08-2019,2073,3,3,6,13,14.5,1,0,6.49,23254917
200269,01-12-2018,989,2,1,6,27,13.2,0,0,3.54,11362502
200270,01-03-2012,1563,3,3,5.2,23,15,1,0,1.13,16838814
200271,01-04-2010,1308,2,2,9.2,21,1,1,0,4.76,16669976
200272,01-01-2021,1963,4,4,6.2,17,1.7,1,1,2.06,20654391
200273,01-03-2015,1197,3,3,3.4,32,17.2,1,0,5.42,9032707
200274,01-09-2015,1371,3,2,5.9,35,18.4,0,1,3.15,14027376
200275,01-11-2010,2305,5,4,5.9,20,14.2,1,0,1,24478198
200276,01-04-2019,782,2,1,4.7,26,21.8,1,0,5.67,6886642
200277,01-05-2021,2411,3,1,6.3,10,3.6,1,1,5.36,30854427
200278,01-10-2020,1526,2,1,7,28,10.8,1,0,6.37,20462812
200279,01-08-2010,2015,4,2,4.2,14,22.5,0,1,1.47,18832724
200280,01-06-2018,1968,3,2,7.2,21,6.7,1,1,2.26,25521610
200281,01-02-2014,982,2,2,2.8,46,19.1,0,1,4.4,5425959
200282,01-08-2015,2111,4,3,4.4,16,16.1,0,1,4.65,17692803
200283,01-01-2022,1230,3,2,3,23,20.7,1,1,6.1,9152007
200284,01-11-2021,1813,4,4,7.1,26,11.2,0,0,0.75,24413297
200285,01-09-2023,500,2,2,6.2,25,7.7,0,1,2.12,6411398
200286,01-08-2011,2370,4,3,8.6,16,1,0,0,7,36646607
200287,01-11-2023,1768,4,4,6.3,32,14,1,1,5.26,21042857
200288,01-08-2020,1586,4,3,5.7,25,11.7,0,0,1.04,18566221
200289,01-02-2014,2164,5,4,5.3,27,14.4,1,1,5.38,24701372
200290,01-12-2010,2006,3,2,2.3,23,32,1,0,8.31,12851732
200291,01-05-2017,2527,5,4,4.6,25,15.4,0,1,3.59,26381703
200292,01-11-2022,1732,3,2,3.6,25,17.2,1,1,3.66,15600228
200293,01-06-2020,1751,4,3,4.3,10,10.8,0,0,2.84,16913277
200294,01-11-2012,2137,4,4,6.3,17,16.7,1,0,5.37,26321139
200295,01-02-2010,2141,4,4,7.6,7,8.7,0,0,4.79,28084693
200296,01-09-2023,1802,4,2,9,72,1,1,1,2.95,21573925
200297,01-04-2013,2293,4,3,8.3,25,4.3,1,1,3.98,31239935
200298,01-07-2019,1119,2,2,7.4,52,11.8,0,1,4.58,13905348
200299,01-02-2023,2283,5,4,5.3,29,10.3,0,0,7.78,23616033
200300,01-09-2018,2445,5,5,5.1,25,26.5,1,0,5.58,30272317
200301,01-09-2013,981,2,2,6.7,28,17.8,1,1,5.31,9699515
200302,01-05-2017,2163,4,3,5.7,15,13.3,1,1,6.2,22726194
200303,01-05-2011,1852,3,2,7.2,14,11.4,1,1,6.1,27604162
200304,01-09-2020,2195,4,3,10,65,4,1,0,4.34,38736636
200305,01-02-2010,1076,2,1,9.8,41,2,1,1,5.5,16795398
200306,01-06-2011,1349,2,1,7.3,5,19.1,0,0,5.6,18090558
200307,01-05-2021,837,1,1,6.2,25,16.3,0,1,1.9,9512872
200308,01-07-2021,1790,4,3,7.3,24,4.2,1,0,2.51,20491123
200309,01-02-2014,1843,3,4,6.5,26,20.3,1,1,5.12,22173452
200310,01-11-2016,1974,3,2,7.4,37,7,1,1,5.67,24540313
200311,01-11-2023,2981,6,5,7.4,17,11.7,1,0,8.28,42561452
200312,01-04-2021,1082,2,3,7.3,17,12.6,1,1,4.1,13520657
200313,01-07-2011,1244,3,2,3.7,33,25.8,0,1,9.58,8311996
200314,01-12-2023,1683,4,5,6.3,18,8.8,1,0,3.92,19447378
200315,01-12-2022,2826,5,4,9.2,32,3.6,0,0,1.52,42617883
200316,01-01-2021,951,2,2,5.2,10,12,1,0,7.43,9138633
200317,01-04-2022,2101,4,3,4.5,26,16.3,1,1,5.9,20271306
200318,01-08-2010,1706,4,3,8.3,17,13.5,1,0,5.96,24806727
200319,01-01-2011,2039,5,3,5.4,31,5.8,0,1,3.23,22718689
200320,01-04-2020,500,1,1,7.7,12,6.7,0,0,6.64,6298189
200321,01-02-2020,2227,5,4,7.3,55,7.8,1,0,5.08,27687118
200322,01-06-2010,1529,4,3,6.5,34,12.6,1,1,4.31,16125796
200323,01-12-2022,1667,4,3,8.2,27,1,0,0,2.94,24133476
200324,01-07-2021,2216,5,3,5.9,46,19.4,1,0,6.45,26503294
200325,01-04-2011,1556,4,4,6.5,42,14.4,1,1,7.46,15293176
200326,01-12-2018,902,2,2,6.3,11,13.6,1,1,1.6,12160149
200327,01-09-2014,1399,3,2,6.5,34,21.4,1,1,3.11,16236535
200328,01-05-2011,2408,5,4,5.9,40,28.3,1,1,3.63,22733819
200329,01-04-2016,1759,5,5,7,19,11.5,0,0,4.35,24975446
200330,01-03-2018,1042,2,1,7.2,7,8.2,1,1,0.5,12694078
200331,01-12-2015,3662,7,6,3.2,25,16.5,0,1,4.34,29708454
200332,01-11-2012,819,2,2,9.7,25,1,0,1,7.84,13314265
200333,01-05-2022,1956,3,2,4.4,8,18.9,1,1,0.5,20518552
200334,01-03-2014,1544,1,1,7.1,6,15.4,1,0,3.21,19127842
200335,01-12-2022,2135,3,3,4.5,9,13.3,1,0,1.67,21398191
200336,01-05-2017,1101,3,3,5.9,19,14.7,1,1,2.4,12933839
200337,01-06-2014,1779,3,3,6.1,23,17.4,1,0,2.37,21128229
200338,01-02-2021,1382,1,2,7,52,5.8,0,0,4.12,14920418
200339,01-12-2011,1623,3,2,4.8,46,14.4,0,0,4.77,14996858
200340,01-04-2012,2384,5,3,6.7,21,12.8,1,0,3.56,32174362
200341,01-11-2018,2098,4,4,5.4,32,14.4,0,0,3.18,19203562
200342,01-01-2015,1596,3,3,10,9,6.1,1,1,0.5,25525240
200343,01-10-2012,849,2,2,5.8,14,20.1,1,0,4.01,8261302
200344,01-10-2019,1529,3,2,5.5,29,17.1,1,0,4.81,16014259
200345,01-11-2016,1404,4,3,8.1,24,1,1,1,2.49,18920897
200346,01-10-2012,500,1,1,5.2,34,19.3,0,1,6.26,3092657
200347,01-07-2015,1962,4,3,4.7,5,15.2,1,0,4.35,21045447
200348,01-10-2017,1953,5,4,5.4,16,9.7,0,0,5.27,19961829
200349,01-10-2017,1527,4,4,5.3,31,13.4,0,1,5.27,14212755
200350,01-01-2015,872,2,2,3.2,14,15.4,0,0,5.25,6082517
200351,01-08-2015,1474,1,1,6.5,23,13.5,0,1,0.5,16540944
200352,01-01-2016,908,2,1,4.2,5,13.6,0,1,1.84,9774357
200353,01-11-2023,1556,2,2,4.7,23,21.2,1,1,5.72,16808619
200354,01-04-2010,2032,4,3,8.4,33,16.1,0,0,3.18,30306634
200355,01-10-2020,800,1,1,4.7,31,18.3,1,1,1.27,8463759
200356,01-10-2016,1845,4,4,5.5,16,18.6,1,0,0.5,21553928
200357,01-10-2014,1441,3,2,5.1,13,23.6,1,1,3.2,15384386
200358,01-08-2016,1173,2,2,1,16,34.9,0,1,2.32,6347755
200359,01-04-2023,2675,5,4,9.5,34,1,0,0,1.78,45913731
200360,01-07-2012,1530,3,3,7.8,31,10.5,0,0,0.5,18473926
200361,01-08-2022,2527,5,4,5.7,23,17.6,0,0,3.52,31772437
200362,01-09-2016,1484,4,3,5.1,20,20.1,1,0,6.57,14515933
200363,01-05-2018,1076,3,3,5.1,11,15.9,1,0,0.6,10545554
200364,01-03-2023,2235,5,4,5.3,19,11.5,0,1,0.72,21967291
200365,01-12-2021,1247,2,2,7.6,29,14.4,1,0,4.29,17071162
200366,01-04-2021,1558,3,3,6.6,21,5.7,1,1,7.35,19520016
200367,01-05-2017,2336,3,3,7.9,9,1,1,0,1.6,34195423
200368,01-12-2010,1878,3,3,5.4,9,10.8,1,0,3.17,21719958
200369,01-01-2022,2412,4,5,4.3,10,16.1,1,0,2.02,27863831
200370,01-05-2015,1076,3,3,5.7,38,15.7,0,0,5.57,11035080
200371,01-06-2018,1516,3,5,6.6,24,13.7,1,0,1.33,19278588
200372,01-03-2023,2473,5,3,7.3,25,13.8,1,1,3.44,32615907
200373,01-06-2019,1279,2,3,9.4,14,12.1,1,0,3.57,22561534
200374,01-08-2022,1459,4,4,4.9,18,22.4,1,1,3.94,14687352
200375,01-05-2017,1571,3,2,4.6,15,13.5,1,0,8.46,14340891
200376,01-04-2017,2003,5,4,5.1,18,17.4,0,0,2.13,23646305
200377,01-12-2016,1572,3,3,2.2,31,23.8,1,1,4.26,9828474
200378,01-12-2012,2935,6,4,8.4,15,1.8,0,0,1.95,52265982
200379,01-08-2015,1426,3,3,5.7,18,18.9,0,0,4.97,13351365
200380,01-01-2016,2249,4,4,4.4,16,15.8,1,0,0.5,18299632
200381,01-05-2011,1419,3,2,5.4,15,8.4,1,0,7.31,15115070
200382,01-07-2019,2251,5,3,3.7,41,22,0,0,1.76,21415981
200383,01-12-2013,1319,3,3,5.7,39,17.3,0,1,2.04,13979339
200384,01-09-2014,654,2,1,7,17,13.7,0,0,4.61,6604928
200385,01-10-2010,2075,5,4,8.5,19,13.5,1,0,7.18,31811123
200386,01-07-2013,2404,6,5,8.7,20,3.4,1,1,4.42,36307756
200387,01-03-2015,1564,2,3,3.6,20,18.1,0,1,4.14,14025608
200388,01-08-2016,705,2,1,8.9,12,3.4,1,0,4.65,9294428
200389,01-05-2014,2117,4,3,9.6,18,12.8,1,0,0.5,35224948
200390,01-06-2010,1348,3,2,7.2,22,10.6,0,1,1.72,15176727
200391,01-12-2014,1477,2,2,8.8,16,6.1,0,0,2.21,20107785
200392,01-02-2011,2224,5,4,5.4,16,13.3,1,0,3.3,23040271
200393,01-05-2015,1707,4,3,5.6,30,19.7,0,1,7.91,20390117
200394,01-03-2012,2072,4,3,7.8,32,7.7,0,0,5.84,28879427
200395,01-01-2021,1430,2,2,5.4,31,13.3,0,0,4.61,16729719
200396,01-08-2021,1640,2,3,8,13,19.7,0,1,5.07,27010835
200397,01-07-2014,2235,4,4,10,23,4.2,1,1,6.19,37070094
200398,01-06-2018,1449,3,2,7.6,28,11.5,0,1,3.04,22013677
200399,01-07-2023,1908,4,3,6.8,22,10.1,1,0,5.82,22741747
200400,01-06-2021,1806,4,3,6.8,7,6.1,1,1,5.38,22311570
200401,01-11-2023,2109,4,3,9.2,21,6.1,1,1,6.23,31529356
200402,01-12-2017,1731,5,4,5,24,17.3,0,1,8.74,19644981
200403,01-08-2015,1767,5,5,6.2,19,19.9,0,1,5.93,24238415
200404,01-03-2017,2680,5,4,4.5,20,18.5,1,0,2.34,25936802
200405,01-01-2015,1881,5,3,6.1,20,19.3,1,0,3.47,18116742
200406,01-05-2013,1760,4,3,5.3,19,8.9,1,1,3.22,18822654
200407,01-06-2017,687,2,3,7.6,21,10.6,1,1,1.69,8697630
200408,01-05-2016,1252,3,3,6.9,31,25.2,1,0,4.31,11928574
200409,01-10-2023,2963,6,6,6.9,11,8.1,0,1,4.38,42329639
200410,01-01-2012,2411,5,4,5.7,39,21.8,0,0,3.84,26014959
200411,01-03-2013,1542,3,2,7.1,28,13.5,1,1,5.11,18515426
200412,01-03-2011,1888,3,3,6.2,12,13.7,1,0,3.66,22369951
200413,01-09-2011,1263,3,3,7.2,13,16,1,1,6.61,16368195
200414,01-10-2018,1167,2,1,5.2,26,10.1,0,0,3.3,12364295
200415,01-07-2014,1054,2,2,7.7,19,14.2,0,0,4.09,14425213
200416,01-09-2020,1271,2,2,7.8,36,13.6,0,0,0.78,17706287
200417,01-01-2012,1132,2,2,4.7,10,21.7,0,0,4.03,8984748
200418,01-03-2021,2029,4,3,7.9,14,12.4,0,1,7.4,30074247
200419,01-08-2021,1783,4,3,9.6,28,7.8,0,0,6.82,29657611
200420,01-03-2011,2338,3,2,6.1,32,6.3,1,1,1.79,26874629
200421,01-03-2020,1826,3,3,8.1,9,7.8,1,0,6.72,29276734
200422,01-12-2017,1783,4,3,5.3,22,21.3,0,0,5.42,19126510
200423,01-04-2010,1824,4,4,2.9,32,25.3,1,1,8.21,11597993
200424,01-09-2018,2163,3,2,4.9,30,14.5,0,0,5.03,20576927
200425,01-11-2023,1088,2,2,6.1,10,12.7,0,0,5.22,12545295
200426,01-04-2018,2220,4,3,8.5,12,8.7,1,1,2.88,30487926
200427,01-01-2022,1693,3,2,10,25,1,0,1,4.78,28273409
200428,01-04-2011,500,1,1,7.3,14,11.4,0,0,4.43,5755548
200429,01-07-2012,1565,3,3,4,23,19.2,1,1,7.9,14010183
200430,01-08-2013,500,1,1,5.4,9,15.3,0,0,3.02,4935345
200431,01-08-2022,936,2,2,5.3,19,21.1,1,0,6.3,8894318
200432,01-10-2010,500,1,1,5.7,14,6.3,1,1,2.92,5612297
200433,01-09-2020,911,1,2,5.6,23,12.9,0,0,5.46,9920774
200434,01-11-2011,1447,2,3,7.7,15,17,0,1,2.15,16356367
200435,01-07-2021,1120,2,3,6.8,17,12.7,0,0,1.79,13094447
200436,01-02-2011,2140,5,5,3.8,28,22,1,0,2.45,18442787
200437,01-08-2015,1391,4,4,7.6,17,11.2,1,0,1.83,20362094
200438,01-11-2015,1328,4,4,5.5,44,9.1,0,0,8.26,13309508
200439,01-11-2016,1411,2,2,8.2,37,9.6,1,1,5.92,17588644
200440,01-02-2010,1724,3,3,6,38,14.7,1,0,4.15,16454326
200441,01-01-2019,933,3,2,5.9,33,14.3,0,1,6.49,10315064
200442,01-05-2021,2327,6,4,5.8,39,15.5,1,0,0.6,30910654
200443,01-12-2013,2297,4,4,5.4,30,12.2,0,1,6.86,24214456
200444,01-10-2021,937,1,1,8.2,8,17.2,0,0,0.5,12738908
200445,01-07-2012,1422,3,4,3.5,21,12.3,0,0,2.32,11052235
200446,01-11-2014,1912,3,2,5.9,15,5.2,0,0,3.44,22294689
200447,01-06-2012,868,1,2,7.2,40,11.5,0,0,2.06,10325622
200448,01-05-2018,500,1,1,8.5,26,2.1,1,1,2.07,7539608
200449,01-03-2020,2201,4,4,7.9,27,17,1,0,3.3,27541683
200450,01-03-2014,1419,2,2,7.5,43,5.3,0,1,3.88,16800928
200451,01-02-2019,1513,3,3,6.8,19,16.5,1,0,4.95,23317642
200452,01-08-2010,1424,3,3,7.5,9,3.7,1,0,3.16,18764101
200453,01-11-2020,2338,4,3,6.3,9,9.7,0,1,5.99,28069263
200454,01-03-2010,555,1,2,6.7,21,18.9,1,0,3.91,5824100
200455,01-12-2020,1346,1,2,6.7,13,19.3,0,1,3.33,16938878
200456,01-03-2023,1205,3,2,7.5,33,3.9,1,1,5.7,16481318
200457,01-09-2012,742,1,1,5.6,17,6.7,1,0,5.92,6792387
200458,01-02-2016,500,1,2,7,12,18.5,0,1,5.84,5300681
200459,01-06-2022,1063,2,1,6.1,15,11.8,1,0,0.67,11882719
200460,01-06-2013,1806,4,3,5.1,16,18.1,1,1,2.76,19290591
200461,01-01-2019,2817,6,4,6.3,4,15.4,0,0,0.89,34959257
200462,01-03-2022,1985,4,3,5.7,16,19.5,0,1,4.27,25934680
200463,01-11-2015,1700,3,2,6.2,33,14.8,1,0,8.34,20651816
200464,01-05-2014,1734,4,3,4.3,26,21,0,1,1.84,18881452
200465,01-04-2023,1656,3,3,10,20,1,1,0,1.73,27810379
200466,01-01-2016,2044,5,5,4.7,29,10.7,1,0,5.6,21488703
200467,01-01-2019,1886,3,3,7.5,17,4.8,0,1,4.33,27347041
200468,01-03-2019,2025,5,4,6.4,7,13,0,1,1.53,25922872
200469,01-02-2019,1386,3,2,9.5,28,9.4,0,0,5.87,20657437
200470,01-04-2014,1604,3,2,4.7,13,11,1,0,4.31,16996966
200471,01-03-2018,1365,2,3,4.4,13,13.3,1,0,6.02,11313676
200472,01-01-2022,1531,3,3,6.3,30,14.3,1,0,8.94,16137383
200473,01-09-2012,2539,5,5,6.7,14,12.8,0,1,6.91,33211550
200474,01-11-2014,1324,2,2,8.7,26,10.9,1,1,4.48,20634361
200475,01-09-2016,2949,7,5,6.4,17,11.9,1,1,3.49,41215024
200476,01-09-2015,2882,6,5,6,20,16.8,0,1,3.17,37962760
200477,01-06-2021,2040,4,3,5.9,15,9.8,1,1,2.55,24035570
200478,01-03-2013,2019,5,5,5.6,23,5.9,1,1,2.9,24241863
200479,01-11-2015,2165,3,3,9.7,8,15,1,0,7.65,32393593
200480,01-10-2012,2218,4,3,8.1,16,4.6,1,1,4.76,34019522
200481,01-10-2016,802,1,1,7.5,22,8,1,1,4.64,8213922
200482,01-02-2014,1170,3,3,6.9,14,19.1,1,0,1.42,16263077
200483,01-11-2013,893,1,1,5,13,25.4,1,1,3.27,8806356
200484,01-09-2012,1748,4,2,6.9,24,18.2,1,0,4.32,20302507
200485,01-01-2022,2032,4,2,8,33,7.7,0,0,1.53,32865777
200486,01-12-2015,1838,3,3,9.1,13,2.5,0,0,4.82,29683271
200487,01-05-2019,2461,6,5,6.3,24,14.1,0,1,9.8,31232728
200488,01-07-2017,2250,4,3,6.8,32,12.5,1,0,3.41,25366557
200489,01-10-2015,1569,3,2,8.8,23,8.6,0,1,4.82,23976669
200490,01-03-2018,1326,2,2,6,14,20.5,1,1,5.04,16382743
200491,01-04-2021,1498,2,3,6.1,35,13.6,1,1,1.3,19936091
200492,01-01-2020,3075,5,4,6.4,21,9.2,1,1,6.95,31306074
200493,01-10-2015,1962,5,4,6.3,21,10.5,1,1,2.28,22462479
200494,01-03-2012,1586,3,3,8.5,11,5.1,1,0,0.5,22096865
200495,01-09-2010,2153,4,4,8.3,30,4,1,0,1.56,32277713
200496,01-04-2019,1028,2,2,3.2,6,19.4,1,0,5.68,8249927
200497,01-09-2013,2006,3,2,5.9,11,21.3,1,1,3.7,19784631
200498,01-11-2012,1682,3,3,3.9,9,25.2,1,1,4.08,17864136
200499,01-04-2012,1960,4,3,6.3,17,17.9,1,1,3.6,21524581
200500,01-05-2020,2026,4,3,8.2,11,5.6,0,1,2.39,25472491
200501,01-07-2014,500,1,2,4.4,13,12.8,1,0,6.79,4546859
200502,01-09-2013,1391,2,1,6.9,9,14.6,1,1,2.5,19110787
200503,01-04-2014,2023,4,2,6.4,4,15.6,0,0,4.15,23367097
200504,01-02-2018,1764,4,3,6.6,6,10.6,0,1,3.18,24155445
200505,01-06-2017,607,1,1,7.4,11,8.5,0,1,3.97,8956782
200506,01-09-2020,1791,2,2,8.8,11,4.4,1,0,4.56,26649360
200507,01-05-2020,2029,5,5,7.7,23,13.3,1,0,4.73,31900225
200508,01-12-2010,2232,5,4,7.3,19,7,1,0,2.86,28297893
200509,01-06-2012,1915,4,3,4.9,5,16,0,1,2.22,17401085
200510,01-08-2017,551,1,2,5,10,6.7,0,0,4.98,5432107
200511,01-05-2018,927,3,2,2.1,37,23.1,0,1,1,5806684
200512,01-04-2020,862,2,2,5.7,13,16.9,1,1,5.05,10645880
200513,01-10-2018,2510,4,3,7.4,6,8.7,0,1,5.45,32496427
200514,01-11-2023,1814,4,3,6.1,20,5.5,1,0,3.05,20488090
200515,01-03-2014,1254,1,2,6.8,5,12,1,1,3.24,15333326
200516,01-06-2010,1485,4,2,6.3,47,11.9,0,0,5.44,17961823
200517,01-05-2014,1518,4,3,2,28,31.5,1,1,4.77,8474715
200518,01-08-2011,2073,4,3,1,33,26.6,0,1,8.14,9133414
200519,01-10-2017,2009,3,3,7.2,13,18.5,1,1,4.95,29235844
200520,01-11-2014,1440,2,1,4,52,18.4,1,0,3.01,11111776
200521,01-11-2022,2436,5,5,6,38,11.4,0,1,3.85,27346887
200522,01-01-2023,1613,3,3,4.4,11,17,1,1,3.34,17166149
200523,01-09-2019,1245,1,1,8.6,9,8.7,1,1,4.26,17897613
200524,01-08-2010,2600,5,4,7.1,29,11.5,1,0,4.99,33659384
200525,01-12-2011,704,1,1,4.8,12,15.1,0,1,2.96,6597690
200526,01-04-2010,944,2,2,6.3,14,9.2,1,1,0.53,11759158
200527,01-08-2020,2723,5,5,6.2,35,14.8,1,1,8.74,36031633
200528,01-12-2016,1757,5,3,6.7,14,13.8,1,0,3.58,19502984
200529,01-07-2012,1509,3,4,3.7,14,19.9,0,0,1.91,13571508
200530,01-01-2010,1029,1,2,6.4,24,11.5,1,1,5.42,13755440
200531,01-04-2012,1444,2,2,4.7,12,15.7,1,1,5.8,15023372
200532,01-05-2014,1489,2,3,6.3,10,8.9,0,1,6.93,15579186
200533,01-03-2014,1619,2,3,7,22,12.5,0,0,4.7,24152251
200534,01-01-2011,500,1,1,4.5,19,21.8,1,0,1.87,4358586
200535,01-03-2020,1601,2,1,6.4,6,18.8,0,0,4.62,17556081
200536,01-07-2010,832,2,2,6.3,17,11.9,1,0,0.5,9697094
200537,01-02-2010,1708,4,3,6.9,8,7.9,0,1,2.65,22710824
200538,01-10-2012,1626,4,3,5.7,24,9.8,0,0,3.02,19640940
200539,01-05-2013,1327,3,2,6.7,45,14.9,1,1,2.31,15596914
200540,01-02-2017,764,2,1,5.5,15,13.8,1,1,2.37,8026022
200541,01-06-2016,1913,2,2,8.4,45,9,1,0,2.18,22779450
200542,01-08-2022,1335,3,3,2.9,12,21,1,1,6.95,10710084
200543,01-06-2019,1911,4,4,5.8,20,10.7,1,1,5.14,24022728
200544,01-02-2013,2217,5,4,7,10,8.2,1,1,4.79,30848758
200545,01-04-2015,2758,6,5,8.2,18,1,0,0,3.73,34940363
200546,01-10-2016,1224,2,2,5.8,24,18.3,1,1,4.6,13248538
200547,01-04-2023,540,1,1,5.3,26,16.3,0,1,3.14,5675912
200548,01-01-2018,1670,5,5,4.3,17,16.5,1,1,2.77,18839551
200549,01-07-2022,1542,5,4,3.9,24,23,0,0,7.14,12545746
200550,01-04-2016,1105,2,2,7.3,32,10,1,1,2.47,14677291
200551,01-12-2017,1478,2,1,8.4,27,2.1,0,0,5.46,20297794
200552,01-10-2022,1862,3,3,7.5,39,10.6,1,0,7.59,23703660
200553,01-06-2013,1055,2,3,6,21,12.5,1,0,6.91,12237195
200554,01-02-2021,1910,3,4,6.6,33,18.2,0,0,1.76,22511481
200555,01-12-2018,2123,3,2,7,18,9.1,1,1,2.37,25239513
200556,01-01-2021,1457,2,3,8.1,63,8.3,1,0,0.5,17034118
200557,01-10-2015,2326,4,3,6.4,9,17.5,1,1,7.47,27620662
200558,01-03-2016,1427,2,2,4.4,16,21.1,0,1,2.23,12531551
200559,01-04-2022,1105,4,3,6.7,27,8.1,0,1,3.85,14160532
200560,01-10-2014,1843,4,2,4.4,39,16.2,0,0,7.2,15454871
200561,01-03-2012,1315,4,3,4.4,19,14.8,0,1,7.68,13245234
200562,01-08-2023,806,1,2,7.9,29,11,0,0,4.04,10894526
200563,01-08-2017,1940,5,5,6.2,11,12.6,0,0,5.22,22454598
200564,01-08-2019,1981,4,4,8.5,26,8.7,0,1,6.47,30529234
200565,01-01-2016,1601,3,3,5.5,21,15.9,1,1,5.33,15681585
200566,01-10-2020,2023,4,2,5.9,14,17.1,1,1,4.93,25667280
200567,01-08-2020,1374,2,3,5.8,23,7.4,0,0,5.02,14595849
200568,01-05-2018,2235,5,5,10,18,6.9,0,0,6.08,33108062
200569,01-12-2016,2056,4,2,6,7,22.4,0,0,4.02,23988518
200570,01-11-2020,1449,3,2,7.1,7,15.1,1,0,5.87,19534204
200571,01-09-2011,1180,2,2,5.7,18,21.1,1,0,3.16,12002214
200572,01-07-2010,1447,2,2,9.4,18,2.3,0,1,4.43,20255637
200573,01-07-2017,2256,6,4,5,56,20.6,1,0,3.21,22542228
200574,01-09-2016,1121,2,1,7.4,24,11.9,1,0,3.21,13877872
200575,01-08-2018,1069,3,3,3,27,21.2,0,0,5.46,8181103
200576,01-07-2015,2034,5,4,5.3,20,28.7,0,0,4.06,24400337
200577,01-07-2014,1567,3,2,8.6,14,2.5,1,0,1.31,24406770
200578,01-12-2013,1002,3,2,7,25,17,1,0,4.8,12073896
200579,01-12-2010,1373,3,2,7.2,12,3.5,0,0,0.5,21918087
200580,01-04-2017,1646,3,2,5.7,21,12.3,0,1,2.36,18713922
200581,01-07-2022,1946,4,2,7.5,26,6.8,1,1,0.5,21459801
200582,01-01-2022,2560,6,5,8.5,15,10.6,0,1,6.26,37383748
200583,01-07-2014,2348,6,5,5.6,11,21,1,1,4.6,25795055
200584,01-02-2010,2191,5,3,4.6,12,17.4,1,0,2.82,21255185
200585,01-01-2018,1642,4,3,10,19,3.4,1,0,5.58,30890255
200586,01-01-2020,1020,2,2,2.7,10,18.6,1,1,0.5,6961248
200587,01-03-2015,1612,3,3,8.4,17,11.3,0,0,5.48,22248101
200588,01-12-2021,755,2,2,7.6,11,13.3,1,0,4.71,12452423
200589,01-12-2010,1896,2,2,4.6,40,13.9,0,1,8.5,16547106
200590,01-08-2022,2407,4,3,8.8,9,10.1,1,0,1.16,32139435
200591,01-01-2017,2050,4,3,8.7,25,2.1,1,1,5.13,31073746
200592,01-03-2021,1745,3,2,6.1,26,19.8,1,0,6.08,20305156
200593,01-04-2020,1218,2,2,5.4,17,16.5,0,1,5.09,13303094
200594,01-11-2015,2768,6,5,8.5,14,2.5,1,0,2.06,43223229
200595,01-06-2022,2328,6,6,4.2,8,19.5,0,1,3.22,22027660
200596,01-08-2011,849,2,2,8.6,11,11.9,0,1,3.56,11739722
200597,01-10-2015,2272,6,6,4.2,10,22.3,0,0,4.75,17015068
200598,01-12-2019,2024,4,4,7.3,21,12.8,0,0,2.14,28884410
200599,01-07-2014,1727,4,3,8.4,33,2.9,1,1,5.42,25184098
200600,01-05-2011,1770,3,3,5.3,13,13.3,0,1,3.22,19598602
200601,01-11-2019,1607,3,2,7.8,25,17.9,1,0,4.05,21715622
200602,01-12-2016,2300,5,4,7.5,20,11.1,0,1,1.53,29908869
200603,01-01-2020,1515,3,3,8,10,13.5,0,0,3.43,22479560
200604,01-09-2015,1818,3,2,9.4,13,5.1,0,1,0.5,28101344
200605,01-08-2016,1851,4,3,6.5,46,18.3,1,1,3.12,22415380
200606,01-11-2021,1021,2,2,8.1,22,5,1,1,4.48,14132547
200607,01-08-2018,3076,6,4,7.6,11,10.2,1,1,0.93,48738246
200608,01-03-2015,1615,3,2,8.3,8,12.6,1,0,0.5,21062828
200609,01-06-2019,1924,3,3,6.6,22,19.6,1,0,2.88,22200890
200610,01-09-2014,1404,3,3,5,16,17.8,0,1,3.71,15459712
200611,01-05-2023,2538,5,3,6.6,40,19.9,1,0,3.79,27338849
200612,01-10-2016,1419,3,2,6.3,27,15.5,1,0,7.37,16142740
200613,01-03-2010,1939,4,4,1.5,19,27.8,0,0,0.52,10746490
200614,01-10-2016,1510,2,2,6.7,17,10.4,0,1,7.79,19171420
200615,01-03-2012,1117,2,2,9.1,23,5.3,1,0,1.17,16129492
200616,01-09-2020,945,3,4,7.6,53,5,1,0,6.26,10829586
200617,01-09-2023,1280,3,2,8.1,19,10.6,1,0,3.17,19055044
200618,01-01-2013,1588,4,3,4.6,27,17,1,1,0.5,15433773
200619,01-10-2011,1167,2,2,5.1,45,17.9,1,1,8.31,7986347
200620,01-03-2016,1363,3,2,6.6,30,10.4,0,0,2.54,16798913
200621,01-11-2017,1951,5,5,6,21,14.8,1,0,5.02,18806267
200622,01-04-2010,2400,5,3,9.8,20,16.3,0,1,3.73,38862831
200623,01-06-2010,846,2,3,6.4,21,13.1,1,0,4.28,9383285
200624,01-02-2014,2266,3,4,8.3,59,11.5,0,1,3.8,30696563
200625,01-03-2017,2181,5,4,9.2,18,8.6,0,1,4.15,37620648
200626,01-05-2010,1696,3,2,6.9,8,5.9,1,1,4.72,19698417
200627,01-09-2012,2203,5,4,4,10,22.2,0,0,4.15,18915664
200628,01-11-2019,1424,2,2,7.7,14,2.7,1,0,0.5,20789256
200629,01-07-2016,2416,5,5,7.6,36,15.4,1,0,0.5,30574575
200630,01-12-2011,1393,3,2,8.4,19,5.9,0,1,3.85,22068841
200631,01-05-2012,800,1,1,4.8,30,15,0,0,5.85,5642964
200632,01-12-2012,546,1,1,4.7,14,14.7,1,0,3.92,5179505
200633,01-03-2018,3151,7,6,5.7,24,6.6,1,1,6.1,39663621
200634,01-03-2023,762,2,2,4.5,34,18,0,1,5.25,7024989
200635,01-09-2022,680,1,2,6.4,14,11.7,0,0,0.56,8001493
200636,01-08-2019,1614,3,3,5.9,28,21.3,0,0,2.89,18671955
200637,01-06-2020,2165,4,3,6.7,14,14,1,0,5.86,30226202
200638,01-10-2017,1881,4,3,7.2,15,5.3,0,0,3.78,26262202
200639,01-01-2012,1839,4,3,9.1,41,12.5,0,0,5.67,29685203
200640,01-04-2014,2260,4,4,9.4,23,4,0,0,3.88,32210155
200641,01-04-2017,1722,4,3,5.1,9,19.1,0,1,5.02,18627542
200642,01-08-2017,1856,4,2,5.4,26,18.1,1,1,4.55,23681936
200643,01-06-2022,2088,4,4,9.5,15,2.5,1,0,1.39,32538837
200644,01-07-2022,1808,3,3,6.4,16,4.7,0,1,1.41,19867468
200645,01-06-2021,993,2,2,7.4,18,4.2,1,0,4.6,13434495
200646,01-01-2019,2008,4,3,8,34,6.7,1,0,4.95,25495944
200647,01-03-2023,855,3,3,6.2,18,18.2,1,0,7.08,10557082
200648,01-12-2011,2318,5,4,5.4,19,18.6,1,1,4.42,28036989
200649,01-03-2010,1836,3,3,4.9,18,20.9,1,0,5.2,16484942
200650,01-05-2011,2601,5,4,8.7,13,1,0,0,7.85,36589030
200651,01-12-2018,1771,3,3,7.2,29,3.2,0,1,3.92,17976240
200652,01-08-2017,1838,3,3,5.5,6,16.2,0,0,6.32,18515573
200653,01-06-2020,1119,2,2,8.4,11,1,1,1,2.54,17282487
200654,01-11-2014,1928,4,3,6.8,19,16.9,0,0,2.36,24108086
200655,01-10-2020,1946,4,4,5.5,9,16.2,1,0,0.5,21101196
200656,01-08-2016,1903,3,2,7.9,8,14.9,1,1,3.67,28288130
200657,01-12-2021,1525,4,3,6.8,25,13.8,0,1,0.5,24161693
200658,01-04-2011,1536,3,3,5,80,15.9,1,0,5.87,12677047
200659,01-05-2014,1162,2,2,6,5,13.3,1,0,2.19,15827537
200660,01-01-2018,1392,2,2,10,24,1,1,1,1.54,23843302
200661,01-01-2017,3323,7,4,4.4,37,26.9,1,0,5.14,29070696
200662,01-11-2013,2025,5,4,5.9,28,8.6,0,0,4.6,25024460
200663,01-04-2023,998,2,2,5.1,30,18.1,1,1,5.15,10775512
200664,01-03-2021,1059,2,2,6.6,19,8.3,0,1,3.52,11446864
200665,01-09-2013,1985,4,3,7.5,4,2.5,0,0,7.36,25633112
200666,01-10-2016,2369,5,4,5.3,23,23.7,1,1,7.1,25873735
200667,01-03-2014,1925,4,2,7,15,3.3,0,1,5.02,26112915
200668,01-04-2019,2193,5,4,10,18,1,0,1,2.1,29352575
200669,01-08-2015,1637,1,2,10,16,6.6,0,0,5.89,27879898
200670,01-10-2023,506,2,2,3.2,23,29.7,0,1,7.56,3565584
200671,01-11-2017,1036,1,1,9.6,5,4.8,1,1,6.08,18778206
200672,01-07-2019,1287,2,2,5.4,24,8.5,1,1,3.29,13637349
200673,01-11-2020,1076,2,2,4.7,27,16.8,0,1,2.23,11119592
200674,01-06-2022,2725,5,4,7.9,78,11.7,0,0,5.6,34192693
200675,01-05-2019,1400,2,1,8.5,8,5,0,0,3.36,20644040
200676,01-05-2023,2688,5,5,7.2,7,8.5,0,1,3.54,36147791
200677,01-04-2017,1569,3,3,4.5,7,23.5,0,1,2.62,15069273
200678,01-11-2016,2342,6,5,9.4,12,10.7,1,1,0.63,35241288
200679,01-06-2019,1718,3,3,8.7,63,6.2,0,0,4.31,23522902
200680,01-06-2018,2108,5,4,6.2,13,17.7,0,0,4.17,23958952
200681,01-04-2021,1368,3,3,9.3,20,5.6,1,0,5.35,22206241
200682,01-05-2018,1793,3,3,8.6,33,1,0,1,0.5,26327035
200683,01-05-2016,1872,2,1,5.7,22,18.9,0,0,5.2,17445323
200684,01-04-2021,2049,4,3,3.9,34,13.8,0,0,2.02,16652692
200685,01-01-2012,2113,5,3,5.9,57,4.8,0,0,1.65,23293331
200686,01-07-2012,1963,4,4,5.6,20,17.5,0,1,2.01,17630207
200687,01-02-2012,2539,4,2,4.6,27,20.6,1,0,7.09,26492107
200688,01-10-2021,2294,5,4,7.4,25,12.1,0,0,4.4,27865394
200689,01-01-2015,1482,2,2,5.8,25,18.4,0,0,2.05,14121424
200690,01-02-2011,500,1,1,8.9,17,9.6,0,1,5.84,7450579
200691,01-11-2014,1625,3,2,7.8,19,13.3,1,0,5.34,17262498
200692,01-04-2011,1107,3,2,7.9,14,10.3,1,0,2.1,14942132
200693,01-11-2014,1176,2,3,5.1,37,19.6,1,1,0.96,11391926
200694,01-10-2019,1497,3,3,9.6,8,1,0,1,5.83,23898016
200695,01-02-2023,1517,3,3,3.9,22,17,0,0,6.09,13023410
200696,01-11-2021,1474,2,1,5.5,21,21.8,1,0,2.12,16043403
200697,01-05-2015,2877,6,5,5.7,21,24.5,1,1,3.03,28135358
200698,01-04-2020,1472,3,2,5,16,24,1,0,3.95,14619950
200699,01-11-2013,2194,6,5,5.9,15,14.4,1,0,2.1,23044725
200700,01-06-2023,1351,2,2,5.2,26,12.1,1,0,5.33,12948151
200701,01-08-2015,2510,6,4,7.4,12,9.3,1,1,3.91,30719083
200702,01-11-2018,2462,6,6,6,7,17.3,1,0,3.14,32241552
200703,01-04-2017,1292,3,3,8.3,18,6.8,0,0,3.84,19652127
200704,01-02-2010,2366,4,4,5.8,24,15.2,0,1,5.36,25446629
200705,01-04-2020,1521,4,4,6.3,6,23,0,1,6.65,19501362
200706,01-02-2022,2194,4,3,2.3,25,28,1,1,3.72,16969061
200707,01-05-2018,2265,5,4,4.3,21,25.9,1,1,0.99,24201273
200708,01-01-2022,1882,4,3,9.3,18,1,1,0,4.92,27942581
200709,01-06-2015,2699,5,4,8.1,29,10.1,0,0,0.5,38811921
200710,01-09-2014,500,1,2,7,14,16.1,1,1,0.5,7465009
200711,01-06-2022,1137,2,1,4.9,14,18.9,0,0,5.33,11562201
200712,01-10-2023,1487,3,3,5.6,19,13.5,0,1,5.43,17471080
200713,01-12-2010,500,1,2,7.6,18,15.7,0,1,4.87,5133067
200714,01-08-2014,1045,2,2,9.7,13,1,1,1,5.34,17477103
200715,01-07-2017,1381,3,2,4.5,54,16.7,1,1,3.5,9946173
200716,01-01-2020,2103,4,3,6.6,3,15.3,1,1,3.18,30104279
200717,01-05-2010,2633,4,3,5.9,28,13,1,0,5.23,33573441
200718,01-04-2016,1814,3,3,4.7,28,15.1,1,1,2.91,18958618
200719,01-11-2021,1703,3,2,5.6,13,10.7,1,0,3.65,19329705
200720,01-02-2021,1773,4,2,6.3,43,20.6,0,1,2.38,16869419
200721,01-05-2011,937,2,2,4.6,21,12.7,1,0,0.62,10108464
200722,01-09-2010,500,2,3,5.1,36,15.5,1,1,2.79,3366911
200723,01-07-2017,2465,5,4,4.5,16,15.2,0,1,1.79,22040306
200724,01-11-2016,1795,4,3,8,13,7.5,0,0,4.96,26923373
200725,01-05-2010,1512,4,3,7.3,12,12.9,1,0,4.03,17004914
200726,01-04-2013,1913,3,3,7.6,14,4.3,1,0,5.63,31326729
200727,01-07-2016,2133,5,3,10,45,9.7,1,1,3.76,38586321
200728,01-03-2017,1042,3,2,7.7,14,4.9,1,0,6.2,15723475
200729,01-04-2014,2881,5,4,8.2,14,8.8,0,0,6.28,40721308
200730,01-08-2021,1670,4,3,6.7,18,21.2,1,1,4.57,18819637
200731,01-12-2018,1189,2,1,6.9,15,13.8,1,1,2.28,13481440
200732,01-09-2020,2551,5,5,6.8,47,22.6,1,1,3.8,30178211
200733,01-08-2017,2349,4,3,6.8,16,10.1,1,0,2.6,27565278
200734,01-08-2019,1738,4,4,9.8,25,5.8,1,0,3.45,32505046
200735,01-12-2016,1700,4,2,7.6,11,1,0,0,4.65,22528551
200736,01-06-2013,1720,4,4,9.1,47,3.4,1,1,2.7,24033015
200737,01-03-2020,2201,5,5,4.1,23,26.3,1,1,5.84,20904316
200738,01-03-2021,2401,4,3,9.3,8,8.3,1,0,7.12,35481584
200739,01-03-2019,1102,2,1,5.8,9,17.1,0,0,4.34,12995834
200740,01-12-2012,3406,5,5,6.1,12,15.1,0,0,4.75,38899312
200741,01-08-2015,2015,4,3,4.6,9,17.6,0,1,4.27,21778396
200742,01-10-2022,2308,5,4,7.6,35,5.8,0,0,2.79,33642279
200743,01-03-2014,2011,3,3,6.9,18,14.5,1,1,3.72,30939557
200744,01-06-2020,2446,6,4,5.1,12,9.4,1,0,3.61,23678323
200745,01-03-2011,1627,4,2,8.1,29,9.2,1,1,3.14,23539283
200746,01-12-2011,1320,3,2,8.1,11,13.4,1,1,5.33,18830942
200747,01-12-2015,1427,4,3,8.1,19,6.5,0,0,4.05,23701303
200748,01-04-2022,1644,3,3,8.1,52,6.8,0,1,6.05,21806712
200749,01-04-2011,2298,5,4,6.7,43,14.9,1,1,6.16,31421221
200750,01-11-2012,2097,5,4,6,6,9.6,0,1,8.32,27108519
200751,01-10-2023,2768,6,5,5,25,16.3,0,1,5.18,33711707
200752,01-01-2011,1918,4,2,5.3,13,9.6,0,1,3.71,21651644
200753,01-09-2017,2436,4,3,8.5,21,12.3,1,0,3.76,40463661
200754,01-09-2011,1124,3,2,8.6,46,9.8,1,0,6.21,11699158
200755,01-05-2012,1339,2,2,7.8,17,11.9,1,1,4.12,17171553
200756,01-05-2018,1716,3,2,6.3,48,10,1,1,3.93,17465726
200757,01-06-2016,1953,5,4,7.3,29,15.6,0,1,4.73,28565272
200758,01-12-2023,2754,5,5,8.4,10,11.7,1,0,4.74,41251819
200759,01-02-2015,508,1,2,6.9,33,11.6,1,0,3.06,4852375
200760,01-02-2016,1663,4,3,6.4,41,5.9,0,1,5.28,22599871
200761,01-11-2018,1588,2,2,6.7,23,13.2,1,0,3.84,20784576
200762,01-09-2013,1924,4,3,4.2,37,15.4,1,1,3.21,17972988
200763,01-01-2012,1158,2,2,8,12,2.2,0,1,4.68,13713044
200764,01-05-2011,1745,3,2,7.3,23,14.8,1,0,7.57,23870010
200765,01-03-2023,1481,4,4,5.4,32,15.9,0,0,2.91,16989808
200766,01-09-2015,1428,4,2,3.8,32,20.8,0,1,2.74,13423060
200767,01-11-2010,1472,3,1,9.4,24,7.6,0,1,4.64,24506874
200768,01-03-2014,2084,4,4,5.8,15,9.3,1,0,6.47,24416495
200769,01-02-2013,1685,3,2,8.3,37,1,0,1,6.02,23071542
200770,01-01-2017,2273,5,4,9.8,27,7.8,1,0,7.1,29796803
200771,01-09-2014,767,2,2,6.2,31,9.4,0,1,6.32,8486568
200772,01-05-2023,1662,3,3,6.7,32,14.6,1,0,3.74,14086917
200773,01-10-2022,895,1,1,4.4,14,18.4,1,0,1.62,7741632
200774,01-09-2014,1225,3,2,7.1,22,12.2,0,1,6.36,16948367
200775,01-10-2010,1099,2,2,7.1,17,12.7,1,1,8.31,14348502
200776,01-10-2015,2509,5,3,6.6,42,12.6,0,0,2.94,31360077
200777,01-12-2012,1704,3,3,6.5,33,6.2,0,0,6.77,20662246
200778,01-07-2015,1575,3,2,4.9,35,10.1,0,1,5.12,12974511
200779,01-11-2016,1427,2,2,3.8,28,22.3,0,1,6.38,9891150
200780,01-03-2019,1896,4,4,5.5,30,5.1,1,1,2.12,19457442
200781,01-11-2016,2310,5,3,8.3,19,9,0,0,5.08,34468181
200782,01-01-2017,1829,2,2,7.8,3,12.9,0,1,2.29,26958631
200783,01-02-2015,1909,4,3,6.8,40,6.2,0,0,0.5,20694424
200784,01-02-2017,1802,3,2,5.2,32,8.1,0,1,5.29,19005661
200785,01-10-2021,548,1,2,9.3,42,1,1,0,5.03,7253502
200786,01-09-2014,710,2,2,7.5,22,4.5,1,1,1.52,8765714
200787,01-09-2020,1500,3,3,6.7,23,16.7,0,0,5.05,19035385
200788,01-07-2018,1435,2,2,7.3,14,13,0,0,8.29,19164818
200789,01-08-2021,1900,3,1,3.4,12,17.5,1,1,8.82,19184994
200790,01-12-2017,2225,4,3,7.4,3,9.1,1,1,5.66,28670224
200791,01-05-2017,1298,2,2,10,48,4,1,0,0.62,21857080
200792,01-11-2018,2057,4,3,7,32,12.1,1,0,3,25801263
200793,01-06-2013,1499,2,1,7.7,38,15.9,0,1,4.02,18726809
200794,01-10-2013,1607,3,2,5.2,20,20.3,0,0,0.98,16827724
200795,01-02-2017,931,3,4,6.1,58,14.7,0,1,4.26,8527535
200796,01-03-2010,1695,5,4,7.4,14,14.9,0,0,5.07,19832746
200797,01-06-2010,2532,5,4,8.9,24,5.3,0,0,2.35,41648479
200798,01-03-2016,678,2,2,6.4,18,17.6,0,1,4.03,7129157
200799,01-07-2017,1554,3,4,5.5,23,17,1,1,3.71,16130085
200800,01-11-2023,1745,4,3,8.2,23,3.7,1,0,2.09,27136679
200801,01-07-2010,1709,4,3,6.2,11,14.8,0,1,3.65,22392024
200802,01-11-2022,2638,4,3,3.7,14,24.4,1,0,5.1,25203869
200803,01-08-2012,2127,4,3,8.4,43,6.3,0,1,6.94,28990543
200804,01-11-2017,1562,3,3,5.4,8,11,0,0,5.54,20619579
200805,01-11-2014,2367,5,4,10,21,18,1,0,0.5,36034381
200806,01-10-2012,1396,3,4,4.3,17,18.4,1,1,4.69,11892208
200807,01-09-2023,1426,3,4,5.6,6,10.4,0,1,3.57,17463424
200808,01-04-2015,2445,5,4,6.7,32,5.1,0,1,5.05,25217012
200809,01-11-2023,2736,6,4,8,14,15.1,1,1,6.58,39255422
200810,01-09-2018,2113,4,3,6.2,15,18.9,1,1,7.38,22339945
200811,01-07-2010,1047,2,2,4.4,17,17.6,1,1,0.6,10242898
200812,01-10-2015,788,1,1,10,59,10.3,1,1,2.91,8783266
200813,01-05-2013,2278,5,5,4.2,14,23.6,0,0,7.71,21275060
200814,01-03-2021,2388,4,2,6.5,20,4.8,1,0,3.47,26771647
200815,01-06-2020,1276,2,2,5.9,41,16.3,0,0,4.08,11805905
200816,01-12-2023,2566,6,5,8.7,14,13.5,0,1,3.38,44637208
200817,01-11-2014,1408,3,3,5.5,34,16.4,0,1,4.17,14586305
200818,01-11-2015,824,2,3,6,30,16.9,1,1,3.65,9554840
200819,01-07-2021,1731,3,2,8,15,14.2,1,1,3.35,20797001
200820,01-03-2022,1933,4,4,3.5,60,28.7,0,1,3.68,14469261
200821,01-05-2018,1027,3,3,5.4,23,18.4,1,0,5.68,10822361
200822,01-03-2020,2298,5,3,5.3,19,20.2,1,1,3.32,28461095
200823,01-04-2021,1499,3,3,8.3,19,11.1,1,0,0.5,21812101
200824,01-02-2010,2238,4,3,6.2,34,7,1,0,2.68,25736166
200825,01-04-2015,1990,3,3,5.7,19,20.4,0,1,6.23,18689021
200826,01-10-2019,890,1,1,7.9,18,12.6,0,0,1.43,12723607
200827,01-06-2023,965,2,2,7.3,23,3.1,0,1,7.39,11829903
200828,01-04-2013,1873,4,4,3.6,15,26.5,1,0,3.15,14821506
200829,01-04-2015,1535,1,1,6.6,20,11,0,0,3.86,16135215
200830,01-05-2010,2465,5,3,8,27,9.3,0,1,7.36,28319879
200831,01-05-2023,1739,4,3,4.9,27,20.6,0,0,6.25,15194267
200832,01-10-2011,1196,3,3,5.2,29,17.7,0,1,5.83,10166023
200833,01-07-2020,2857,5,4,7.2,26,19,1,0,6.42,36760051
200834,01-02-2017,1253,3,3,4.8,35,20.3,0,1,6.76,11379086
200835,01-12-2017,1171,1,1,8.1,15,15.1,0,1,3,15731890
200836,01-10-2017,920,1,1,5.9,11,8.8,0,0,4.52,10709334
200837,01-03-2012,2483,4,3,6.8,5,11.3,0,1,0.52,29794721
200838,01-08-2013,2197,5,4,6.3,14,8.5,1,0,3.25,33545442
200839,01-11-2016,1399,2,2,8.7,12,8.7,0,0,9.41,20048469
200840,01-02-2022,889,2,3,3.4,20,19.6,1,1,8.12,8389265
200841,01-05-2014,2043,4,3,4.5,31,16.2,1,0,1.81,17768240
200842,01-02-2018,2497,5,3,5.7,13,16.5,0,1,3.78,26356633
200843,01-12-2012,1444,2,2,8.9,14,8.7,0,1,5.1,18948671
200844,01-09-2017,1143,3,4,5.2,14,8.6,1,1,6.74,12429682
200845,01-07-2022,1554,3,2,8.7,9,2.9,1,1,3.83,22738015
200846,01-12-2015,1760,4,3,7.6,54,5,1,0,3.19,22893696
200847,01-09-2017,1724,3,2,6.9,51,9.8,1,0,3.46,20273014
200848,01-01-2021,1740,4,4,7.5,18,16.9,0,1,1.29,19823348
200849,01-11-2012,1329,2,2,5.6,31,24.4,1,1,2.79,11208501
200850,01-02-2022,1547,3,3,3.4,39,18,1,1,6.49,12404213
200851,01-12-2019,2476,5,4,7.7,25,5,0,0,1.62,41728681
200852,01-08-2013,1961,4,3,7.7,15,15.4,1,1,3.64,28139538
200853,01-11-2010,3203,6,4,4.5,51,20.1,1,0,2.71,28915350
200854,01-03-2012,1757,4,2,9,13,10.7,0,0,2.88,29275898
200855,01-02-2019,1497,2,1,3,33,25.5,1,0,3.91,10815408
200856,01-08-2019,2014,3,3,8.1,21,16.9,0,0,4.38,27286591
200857,01-03-2014,2559,5,5,9.8,29,5.3,1,0,2.47,45656335
200858,01-11-2020,1694,3,2,6.5,13,10.3,0,1,4.27,20696032
200859,01-01-2013,1813,2,3,5.4,19,14,1,1,1.65,19027123
200860,01-01-2015,2497,6,4,7.6,28,7.9,1,0,3.59,34838478
200861,01-04-2016,1890,4,2,4.1,12,18.3,1,0,5.62,16015160
200862,01-11-2022,1566,4,2,5.7,22,20.3,1,0,4.91,16698783
200863,01-12-2013,917,1,1,8.4,26,6.8,1,1,4.45,10468016
200864,01-03-2018,1823,3,2,5.3,18,23,1,1,1.02,21849552
200865,01-09-2014,686,1,1,6.4,12,15.6,1,1,0.5,7725402
200866,01-07-2021,1048,2,3,5.7,38,14.4,0,1,3.82,10544008
200867,01-09-2018,1294,2,1,6.4,5,11.4,0,1,4.52,14262322
200868,01-04-2011,920,3,3,7.1,32,7.1,0,1,6.7,11524315
200869,01-09-2014,1276,2,3,8.3,9,11,0,1,4.69,20216541
200870,01-01-2012,1483,3,3,7.5,32,25.2,1,1,1.99,18807907
200871,01-09-2021,1467,3,3,6.7,17,15.3,1,0,3.45,16682561
200872,01-04-2023,1604,2,2,7.6,14,11.2,0,0,5.71,22171447
200873,01-06-2018,2122,5,4,3.4,24,23.8,1,1,4.95,22673774
200874,01-01-2015,1053,3,2,5.6,41,22.7,0,1,0.5,12547801
200875,01-02-2021,2455,4,4,5.6,29,15.8,1,0,6.62,31387568
200876,01-05-2010,884,2,2,6.3,26,12.6,1,0,2.62,10801564
200877,01-09-2020,911,2,2,7.2,8,4.6,0,1,8.49,12778033
200878,01-07-2019,892,3,2,5.5,21,8.5,0,0,4.12,11255992
200879,01-10-2018,2059,3,2,7.3,19,12.8,0,1,7.76,26642098
200880,01-04-2011,1442,3,2,6.6,13,12.8,1,0,0.5,14325330
200881,01-02-2011,1410,2,2,3.8,26,12.3,0,1,4.46,12933419
200882,01-05-2021,1583,3,4,7.3,29,7.7,0,0,5.57,25907215
200883,01-04-2021,2391,6,4,3.5,27,23.7,0,1,6.48,19803272
200884,01-06-2014,2455,5,4,7,4,9,1,1,2.05,42477305
200885,01-01-2011,2099,4,3,7.6,2,4.8,0,0,2.01,28788517
200886,01-01-2019,1483,2,2,8.3,7,13.8,1,1,6.44,24281322
200887,01-04-2023,1249,3,2,2.7,12,24.1,0,1,4.98,9099624
200888,01-11-2012,1731,3,3,5.4,51,17.6,0,1,4.06,19946160
200889,01-09-2019,2444,5,4,4.8,42,16.3,1,1,6.5,22154800
200890,01-12-2021,1000,2,1,5.4,15,13.7,0,1,4.29,10065855
200891,01-12-2016,1779,3,2,5.4,30,10.6,0,0,0.5,15710686
200892,01-11-2019,2238,5,4,7.3,31,12.4,0,0,4.3,34510345
200893,01-10-2019,1911,3,3,7.7,17,7.8,1,0,3.56,28753631
200894,01-06-2011,2308,4,4,5.8,7,20.3,1,0,0.67,24032711
200895,01-02-2012,1533,2,3,6.4,21,17.4,0,1,2.37,17755298
200896,01-01-2011,3251,7,5,7,28,12.5,0,0,2.8,46047496
200897,01-12-2015,1260,2,2,3.7,20,23.6,1,1,3.62,11052274
200898,01-12-2021,1664,3,2,7.6,51,13.4,1,0,3.23,20319221
200899,01-06-2016,2150,6,5,5.6,25,11.1,0,1,7.01,20187747
200900,01-04-2012,1819,4,3,6.2,15,10.7,1,0,2.96,14563335
200901,01-05-2016,1293,2,1,3.2,17,24.4,0,0,8.62,7592437
200902,01-01-2018,1877,4,4,7.3,18,13.6,1,1,8.02,21461013
200903,01-08-2011,2563,6,4,4.6,9,20.3,1,1,5.53,24632649
200904,01-08-2016,1673,4,3,7.3,17,12.5,1,0,3.67,20178662
200905,01-04-2010,1433,2,1,1,30,29.4,1,0,5.23,5186159
200906,01-05-2010,2181,4,4,4.3,17,21.7,1,0,2.41,19992600
200907,01-02-2015,2972,6,4,7.5,11,13.5,1,1,3.24,38888737
200908,01-07-2011,1485,2,2,9.1,17,1,0,1,7.2,21877801
200909,01-05-2017,1398,3,2,3.9,14,21.6,1,0,3.98,10963602
200910,01-01-2022,2177,6,5,7.2,37,14.6,1,0,4.43,28947875
200911,01-12-2014,3169,7,6,8.5,33,10.1,0,0,1.67,43357021
200912,01-01-2022,1142,2,2,6.7,60,17.4,1,0,7.89,11109047
200913,01-10-2012,2080,5,4,4.2,11,24.5,0,0,6.25,19624656
200914,01-10-2016,1225,3,3,7.7,45,12.9,0,1,5.07,14906234
200915,01-09-2014,1222,4,4,7.9,10,12.7,1,0,5.51,17940200
200916,01-03-2011,2777,4,4,8,37,11.9,1,0,1.45,42964620
200917,01-01-2017,1155,2,2,6,26,17.3,1,0,2.06,13233472
200918,01-03-2013,845,1,2,6.9,9,1,1,0,2.95,11245614
200919,01-06-2010,2543,6,5,7,8,9.1,0,1,2.58,34377748
200920,01-03-2018,2094,4,3,5,10,24.2,1,1,4.62,24104769
200921,01-08-2011,1603,3,3,5.9,29,14.4,1,0,5.97,15304831
200922,01-08-2016,1913,3,3,2.2,15,26.2,0,1,2.72,11728295
200923,01-03-2020,1943,3,3,4.8,37,21.2,0,1,4.86,19661121
200924,01-04-2010,3127,6,5,6.7,11,15.7,0,1,5.78,31267371
200925,01-05-2019,1433,2,2,8.8,10,7.8,1,0,8.04,19179649
200926,01-02-2010,1018,2,1,6.4,49,11.7,0,0,4.97,10831527
200927,01-01-2017,1746,4,3,7.3,4,10.9,0,0,1.45,28617090
200928,01-04-2013,1112,3,2,6.8,27,14.4,1,0,5.17,13361532
200929,01-02-2021,1422,2,2,5.5,6,9.9,1,0,6.13,19022568
200930,01-03-2020,1239,2,2,5.5,28,13.9,0,1,1.78,14276800
200931,01-04-2013,1269,3,1,8,31,11.9,0,1,5.81,16495344
200932,01-04-2012,1820,5,4,7.5,31,13.3,0,0,4.73,23001140
200933,01-07-2022,1537,3,3,6.5,39,15.6,1,0,0.5,19652854
200934,01-06-2012,2268,4,3,4.9,34,15.9,1,0,10.02,19241878
200935,01-10-2019,677,2,2,7.4,9,9.4,1,0,3.31,9072797
200936,01-10-2010,1854,2,2,6.1,14,6.4,0,0,3.76,19508383
200937,01-12-2019,1280,3,3,9.5,29,5.6,0,0,2.2,19621961
200938,01-07-2022,1881,3,3,2.8,34,30.3,1,1,3.49,15205024
200939,01-10-2023,1164,3,2,7.5,15,15,0,0,2.58,17142774
200940,01-02-2015,1067,2,2,9,12,1,1,1,2.83,16300100
200941,01-12-2010,1966,4,3,6.6,31,13.5,1,0,2.61,24245340
200942,01-04-2021,1546,4,3,6.1,11,12,0,0,4.37,17298879
200943,01-04-2022,1787,3,3,5.7,34,17.7,1,0,4.23,20539660
200944,01-05-2012,2195,5,4,5.3,18,14.9,0,1,5.55,26892736
200945,01-05-2020,1566,2,2,4.7,29,17,1,0,5.92,14229466
200946,01-08-2020,1402,2,1,5.7,34,17.8,1,1,5.7,13104309
200947,01-08-2022,1794,4,3,5.9,27,20.9,0,1,5.76,14971189
200948,01-02-2013,2283,5,4,6.8,13,4.1,1,0,6.85,28530007
200949,01-05-2020,1577,3,2,7.8,33,9.8,0,0,3.06,18435610
200950,01-05-2015,1996,5,5,7.8,40,14.3,0,1,4.3,25895449
200951,01-12-2022,1057,3,2,4.1,21,28.7,0,0,6.12,9920113
200952,01-03-2021,1989,5,5,9.6,6,1,0,0,5.26,30134065
200953,01-05-2019,2191,4,3,9.4,37,10.3,0,0,5.72,32703812
200954,01-11-2010,2921,6,5,4.5,26,20,0,0,5.99,26815173
200955,01-12-2018,2598,5,4,8.1,18,11.1,1,0,5.04,37596959
200956,01-04-2010,1142,2,2,7.9,49,8.9,1,0,4.77,12912724
200957,01-12-2017,1346,3,2,9.1,15,5,1,1,4.47,23207253
200958,01-09-2010,2485,4,3,7.7,20,8.7,0,1,6.12,34679867
200959,01-07-2015,1991,4,3,7,29,18.3,0,1,5.53,21595895
200960,01-01-2020,2456,5,5,5.4,18,14,1,1,3.9,32488896
200961,01-05-2017,500,1,2,8.8,40,1,1,1,5.5,6142011
200962,01-03-2021,1630,4,4,8.2,25,11.5,1,0,1.32,24837812
200963,01-10-2013,1537,4,3,2.1,26,23.7,0,0,4.24,9318178
200964,01-03-2011,1797,4,3,6.7,13,6.9,1,1,0.5,27507264
200965,01-02-2010,1302,3,2,8.4,28,12.1,1,0,8.33,20353329
200966,01-04-2012,1300,3,2,8.5,16,4,0,1,2.9,17271635
200967,01-05-2016,1442,3,2,5.7,25,19.6,1,0,0.71,16463299
200968,01-12-2011,1243,1,1,10,22,1.1,1,1,3.21,18119555
200969,01-10-2018,1356,2,2,8.6,21,12.6,1,1,4.24,21723578
200970,01-11-2011,1251,3,3,7.2,30,6.5,0,0,7.76,15931371
200971,01-05-2012,1147,2,2,6.1,33,14.3,1,1,3.38,13551100
200972,01-03-2012,1440,3,3,8.8,18,5.7,1,0,0.58,22638077
200973,01-08-2019,2369,4,3,4.7,37,18.1,0,1,5.19,22450665
200974,01-04-2017,1328,3,2,6.7,16,9.2,1,0,7.98,17021552
200975,01-06-2010,1412,4,3,4.9,14,19.3,1,0,3.74,16138404
200976,01-01-2014,1834,4,4,8,36,5,1,0,3.83,24012299
200977,01-02-2023,1215,1,2,7.9,8,5.6,0,1,5.75,16530053
200978,01-06-2022,838,2,2,5,17,7.7,1,1,0.5,6810061
200979,01-04-2014,1675,3,2,4.7,14,17.6,0,0,2.77,18094224
200980,01-11-2010,2132,4,3,7.9,15,10.4,1,0,4.25,33568371
200981,01-05-2015,797,1,1,6.5,17,8.6,0,1,2.25,10828949
200982,01-06-2014,1760,4,4,4.9,21,27,1,0,0.5,20897520
200983,01-11-2017,1671,5,4,8.1,25,9.9,1,1,1.82,24122336
200984,01-04-2023,1347,3,2,3.1,18,20,0,0,6.83,11632707
200985,01-07-2011,2346,5,3,7.2,23,7.2,1,1,5.18,27164947
200986,01-07-2020,1559,3,3,9.6,25,5.3,1,0,5.47,29590530
200987,01-09-2010,1568,4,3,6.5,19,21.6,1,0,3.34,18998502
200988,01-01-2020,2801,6,4,8.5,16,1.9,0,0,7.39,46532296
200989,01-06-2023,1577,4,3,6.8,4,11.8,1,0,4.15,20914557
200990,01-05-2021,795,2,2,5.7,24,18,1,1,6.25,8053818
200991,01-07-2017,3170,6,5,4.9,21,17.4,1,0,4.24,33967491
200992,01-08-2021,2654,5,3,8.1,7,8.4,1,0,0.5,38406973
200993,01-07-2011,2298,4,3,7.9,32,8.3,1,0,1.69,33032111
200994,01-04-2015,1874,4,5,4.7,26,18.8,1,1,4.46,18955998
200995,01-05-2016,2371,5,5,6,44,5.4,0,1,6.74,23471191
200996,01-09-2018,1580,4,3,8.3,11,14.2,1,0,6.98,20228728
200997,01-04-2020,2289,5,4,7.6,40,15.8,1,0,4.79,35151103
200998,01-05-2014,2426,4,3,7,13,12.5,0,0,7.01,30250726
200999,01-08-2010,1891,3,3,6.6,18,15.1,1,1,3.68,25778037
201000,01-06-2016,1540,3,2,3.9,8,17.6,0,1,6.37,13197294
201001,01-10-2019,1529,2,1,5.3,31,19.4,0,0,1.06,14456356
201002,01-08-2013,1328,2,2,3.5,36,17.2,0,0,6.5,9191249
201003,01-06-2022,1503,4,4,7.6,14,19,1,0,4.44,20751833
201004,01-09-2012,1342,2,2,4.2,12,14.7,1,1,9.22,11785035
201005,01-10-2010,1782,3,1,6.6,28,6.9,1,1,6.97,25327260
201006,01-11-2011,1781,3,3,5.6,12,11.1,0,0,2.81,18487633
201007,01-11-2022,1483,3,3,6.2,43,10.8,1,0,9.33,16723443
201008,01-12-2020,1909,3,3,2.7,10,23.2,0,1,4.71,13481776
201009,01-01-2020,2989,7,5,7.2,10,10.4,1,0,6.42,42382404
201010,01-08-2010,1872,3,4,8.5,15,4.2,1,0,2.15,32667537
201011,01-06-2018,1657,3,2,7.6,16,11.3,0,0,3.39,22107900
201012,01-08-2012,2096,4,4,4.8,37,15.6,0,0,6.93,23595737
201013,01-07-2017,693,1,1,5.9,23,8.4,1,0,2.69,7677448
201014,01-04-2011,2409,6,4,4.1,37,12.7,0,0,2.91,24266001
201015,01-05-2023,1820,3,3,4.6,26,13.6,0,1,0.55,17530594
201016,01-07-2019,1485,4,3,7.4,25,10.7,1,1,3.99,20193410
201017,01-09-2016,2196,4,3,6.9,64,10.5,1,1,2.45,29481292
201018,01-06-2019,1648,3,2,6.9,11,8.5,1,1,8.37,21333819
201019,01-06-2014,1171,2,2,4.3,18,16.2,1,0,0.5,9542301
201020,01-06-2016,1595,3,2,2.5,34,27.8,0,0,3.3,11093095
201021,01-06-2018,1204,3,2,4.6,18,26.1,0,1,4.59,8930075
201022,01-05-2011,1760,3,3,5.7,17,11.2,1,1,3.06,20631796
201023,01-03-2017,1577,3,2,6.2,38,7.3,0,0,2.75,17059971
201024,01-02-2020,1693,3,3,7.6,21,1,1,1,5.1,26945263
201025,01-12-2019,970,2,2,5.5,14,26.4,1,0,9.1,9906848
201026,01-01-2021,1122,2,2,9,6,3.4,1,1,7.95,19809978
201027,01-06-2015,2661,5,5,8.3,55,8.2,0,1,1.29,36765806
201028,01-07-2023,3093,5,4,8.4,44,6.6,1,0,2.38,49815071
201029,01-04-2020,2347,4,2,9.1,64,11.1,0,1,6.24,35081177
201030,01-01-2018,2358,6,4,7.9,27,1,0,1,3.02,38704733
201031,01-09-2016,2658,4,2,5.6,31,17.7,0,1,4.54,27111455
201032,01-06-2011,2405,4,4,7.5,25,9.4,1,1,2.98,27825547
201033,01-08-2010,2348,4,4,8.5,32,11.1,0,0,3.93,30860072
201034,01-10-2017,905,2,3,8.1,6,6.7,1,0,1.52,14864851
201035,01-12-2010,1750,3,2,8.3,9,4.2,0,0,0.5,25585288
201036,01-10-2017,1565,3,2,7.1,12,9.7,0,0,3.94,18013343
201037,01-12-2010,2103,6,5,7.3,12,3.2,1,1,0.5,28433799
201038,01-01-2021,2010,3,3,3.5,8,16.6,1,1,5.66,17671738
201039,01-02-2021,1745,5,3,8.4,36,3.1,1,0,7.32,22005968
201040,01-09-2013,3326,7,5,7,26,21.8,1,1,3.73,36250542
201041,01-12-2020,2390,5,4,5.8,27,9.6,1,0,5.7,25865708
201042,01-01-2010,1412,3,3,4.1,13,27.8,1,0,5.13,11719324
201043,01-01-2014,1773,5,4,5.9,40,15.9,0,1,2.54,21620267
201044,01-04-2010,2398,4,5,10,6,3.6,1,0,1.57,34176533
201045,01-12-2021,1592,3,3,5.5,43,21.6,1,0,0.76,17794443
201046,01-08-2018,2553,4,4,8.7,26,3.2,0,1,4.87,34227871
201047,01-02-2016,2027,3,3,8.1,15,9.4,1,0,4.99,25013090
201048,01-01-2012,2030,2,2,6.3,18,11.1,1,0,1.82,23040988
201049,01-05-2016,1798,3,2,6.3,23,17.9,0,0,1.04,19639318
201050,01-08-2012,2237,4,3,3.2,50,19.2,1,1,0.94,16517965
201051,01-05-2010,1128,2,1,8.7,18,8.3,1,0,2.79,16874329
201052,01-11-2011,1357,3,2,7,12,13.9,0,0,8.19,15453384
201053,01-03-2023,1250,2,2,6.7,29,11.1,1,0,5.48,14020105
201054,01-08-2023,2655,6,5,5.8,39,6.2,1,0,3.9,27953990
201055,01-01-2016,1513,3,2,5.1,41,21.9,0,1,7.47,12732151
201056,01-11-2022,1533,2,3,4.2,30,24.2,0,1,5.51,14855705
201057,01-10-2014,1655,2,1,5,22,22.5,1,0,9.07,16889153
201058,01-01-2019,1447,3,2,6.5,13,6,1,1,4.04,18737273
201059,01-08-2014,560,1,1,10,27,3.6,1,0,3.34,8529547
201060,01-09-2011,1720,4,3,9.3,30,5.2,0,0,6.95,28806062
201061,01-08-2017,1156,2,1,6,26,13,0,0,2.88,13417949
201062,01-08-2016,1698,2,2,6.1,13,19.7,0,1,5.44,18872531
201063,01-09-2012,1244,3,1,6.4,5,16,1,0,3.54,15793850
201064,01-02-2017,2309,5,4,9.8,61,6.8,1,0,4.84,37382623
201065,01-07-2010,1717,3,3,6.3,4,12,1,0,3.1,20858788
201066,01-04-2011,2360,4,3,5.5,21,19.9,1,1,5.73,24212383
201067,01-08-2017,1569,4,4,8.7,23,1.5,1,0,2.93,25523243
201068,01-03-2023,932,2,2,2.3,43,24.8,1,0,3.3,5432802
201069,01-06-2017,2003,4,4,7.4,30,14.3,1,1,3.69,26092218
201070,01-09-2012,1246,2,1,9.7,35,2.6,1,1,0.78,19423896
201071,01-07-2013,1347,2,2,7.8,15,8,0,1,4.46,17776775
201072,01-10-2010,2940,7,5,8.4,54,18,0,1,3,35058229
201073,01-10-2010,2087,4,3,6.4,30,4.9,1,1,5.08,25681379
201074,01-03-2015,2342,5,2,6.9,28,14.3,1,0,6.25,30928502
201075,01-09-2023,1479,3,2,7.2,29,8.1,0,1,2.22,19407919
201076,01-08-2019,1017,3,2,6.1,20,10,1,0,6.44,13092854
201077,01-08-2019,1532,4,3,4.7,7,19.6,0,0,3.89,16900175
201078,01-12-2023,2844,7,6,5.4,13,16.7,1,0,3.98,32735357
201079,01-11-2018,1701,4,4,7.4,4,13,0,0,5.97,18288414
201080,01-05-2010,1950,3,3,9.1,24,5.8,1,0,8.67,25044726
201081,01-05-2019,2574,5,4,7.7,19,5.8,1,0,2.98,36811530
201082,01-11-2011,506,1,1,7.5,41,14.4,1,0,1.63,5545131
201083,01-09-2014,2407,4,4,6.6,32,6.8,0,0,3.49,26235486
201084,01-05-2010,2049,4,2,8,39,1,0,1,4.97,23963431
201085,01-04-2020,1746,3,3,5.5,56,17.8,0,1,3.71,17668156
201086,01-05-2020,1870,3,2,6.6,14,10.7,1,0,10.2,21062433
201087,01-04-2019,1588,3,3,5.1,21,15.6,1,1,4.48,16050364
201088,01-04-2013,2441,4,3,5.1,29,12.1,0,1,4.97,29339271
201089,01-12-2012,500,2,2,7.7,4,1,1,0,9.48,5365763
201090,01-08-2013,1304,2,2,5.3,16,7.6,0,0,1.85,14005888
201091,01-08-2015,1422,2,2,6.6,46,11.9,0,0,4.23,13931851
201092,01-02-2023,1330,2,2,9,32,1.9,1,0,4.17,19474091
201093,01-02-2012,2183,5,5,1,39,32,1,0,6.55,10235182
201094,01-01-2010,1130,2,1,6.2,11,17.2,1,1,2.32,12133383
201095,01-11-2018,863,1,1,7.7,24,15.3,1,1,0.5,10928810
201096,01-12-2016,2700,5,3,6.3,13,8.4,0,1,0.5,32700934
201097,01-01-2021,1096,3,2,6.9,9,11.4,1,0,5.59,15993145
201098,01-07-2016,1414,2,1,4.3,38,28.6,1,0,5.61,9964918
201099,01-01-2010,1759,4,5,7.4,32,9.1,1,1,6.44,19118607
201100,01-09-2015,586,1,1,6.8,39,3,1,1,4.65,5698144
201101,01-10-2021,2864,6,5,6.9,17,14.2,1,1,10.69,41081440
201102,01-03-2011,1647,3,2,4.7,5,13.7,0,0,6.29,18249080
201103,01-08-2012,1750,3,3,8.3,31,12.6,0,1,7.19,19019882
201104,01-07-2017,2328,5,5,5.3,32,16.6,0,1,1.52,24498085
201105,01-08-2013,1828,4,3,5.1,18,14.3,1,0,3.71,19735677
201106,01-02-2020,1646,6,5,6.9,22,10.1,0,0,3.75,21486685
201107,01-04-2012,1974,3,2,6.5,14,19.6,1,1,7.25,21146977
201108,01-10-2020,1038,2,2,9,6,12.4,0,0,1.25,16484483
201109,01-02-2011,1902,6,4,5.6,24,14.8,1,0,7.69,21098644
201110,01-03-2016,904,2,1,7.8,21,9.8,1,0,1,11424997
201111,01-03-2020,1343,2,2,6.2,6,17.2,0,1,4.37,16767402
201112,01-06-2019,2514,5,5,6.2,14,15.8,1,0,4.64,27282213
201113,01-07-2020,500,1,1,5.2,10,17.3,1,1,3.9,5524675
201114,01-12-2015,1828,4,3,6.3,29,7.1,1,0,7.17,21246421
201115,01-02-2017,1705,3,2,7.5,22,10.8,1,0,7.36,23376021
201116,01-04-2023,2200,4,4,7.2,4,6.6,1,0,2.74,32459917
201117,01-02-2020,2241,6,5,6.4,48,24.5,1,0,2.77,24267954
201118,01-12-2023,3098,6,5,7.3,19,11.3,1,0,4.3,44656814
201119,01-01-2018,788,2,2,4.3,19,22,1,1,3.52,7714616
201120,01-03-2022,1502,5,4,6.4,28,13.4,0,0,1.57,18925524
201121,01-10-2018,2280,3,3,8.5,28,2.8,1,1,6.9,31885114
201122,01-03-2018,1395,3,3,7.9,16,14,0,1,0.5,19417439
201123,01-06-2018,500,1,1,8.3,32,17.3,1,1,4.39,6620963
201124,01-08-2019,1159,2,2,4.9,17,20.3,0,0,6.27,13144006
201125,01-11-2019,1969,3,3,4.7,29,21.2,0,0,7.85,16223371
201126,01-10-2020,1812,3,3,4.6,20,13.2,1,0,5.72,20712026
201127,01-03-2018,2045,4,3,5.7,25,8.5,0,1,5.78,20327641
201128,01-11-2019,1441,3,3,6.5,22,8.8,1,0,3,17123534
201129,01-05-2013,1406,3,2,5.9,14,8.7,0,1,7.23,14695953
201130,01-07-2020,2084,4,3,6.9,45,4.5,1,1,4.82,23329167
201131,01-10-2011,1563,5,4,5.9,75,22.7,0,0,5.51,14577467
201132,01-04-2020,1630,3,3,6.3,25,8.1,0,1,6.4,20214643
201133,01-03-2020,1442,3,3,7.8,38,8.8,1,1,4.69,18544613
201134,01-07-2010,1212,2,2,7,21,10.3,1,1,2.82,14696858
201135,01-06-2021,1631,3,3,8.1,20,7.1,1,1,3.71,26140394
201136,01-09-2022,1452,2,2,7.3,62,8.9,0,1,7.6,14846402
201137,01-11-2011,2558,6,5,8,25,1,1,1,6.41,40340476
201138,01-02-2023,1916,4,3,6.6,24,15.4,1,1,8.25,26169046
201139,01-03-2018,1622,4,3,6.5,42,14.3,1,1,3.73,19591142
201140,01-06-2021,2121,4,3,5.6,13,18.4,0,0,3.43,21911344
201141,01-02-2010,2034,5,4,6.2,47,23.2,1,1,6.15,24084987
201142,01-09-2019,2443,5,4,8.7,33,12.4,1,0,4.47,35615726
201143,01-05-2018,1315,2,2,5.6,18,21.4,0,0,6.57,13992875
201144,01-02-2017,1303,4,3,9.4,18,1.3,0,1,5.24,17904368
201145,01-03-2014,1294,3,2,5.4,36,17.4,1,1,3.46,11480872
201146,01-11-2014,1055,3,2,6.5,19,14,1,0,4.29,10993022
201147,01-02-2010,1318,2,1,1,30,23.5,0,1,3.18,5298436
201148,01-08-2015,1252,2,1,7.8,6,1,0,1,1.18,16509386
201149,01-05-2020,2095,4,3,9,26,2.3,1,1,2.36,28793979
201150,01-05-2022,961,1,1,7.8,33,7.9,1,0,6.26,13249102
201151,01-01-2022,1292,3,4,3.8,43,8.3,1,1,3.6,9331764
201152,01-05-2013,1475,3,2,7.6,9,9.2,0,1,5.29,19861360
201153,01-04-2013,1583,4,3,7.9,12,11.4,1,0,4.4,19250021
201154,01-06-2022,2181,5,5,7.9,52,6.8,0,0,4.98,30894426
201155,01-12-2016,1470,4,3,7.2,25,19.2,1,0,3.7,18500746
201156,01-10-2011,1520,3,3,2,5,25.4,1,1,2.65,11466484
201157,01-05-2023,1434,4,3,6.3,18,12.5,1,0,4.28,20323064
201158,01-04-2011,2153,6,5,7.2,18,14.8,1,1,4.62,30175879
201159,01-05-2022,1798,4,3,8.5,5,7.8,0,0,4.15,32713204
201160,01-08-2015,1436,2,2,7.1,32,17.3,0,1,5.61,16246884
201161,01-08-2012,1214,3,3,8.1,14,1.6,0,0,4.18,17346603
201162,01-03-2010,2285,5,5,5.3,13,19.2,1,0,3.42,29538476
201163,01-07-2015,2001,5,4,7.6,9,1,1,1,3.87,29192594
201164,01-07-2010,2586,5,4,5.3,10,14.6,0,1,5.39,25539461
201165,01-03-2013,2424,5,4,7.7,16,4,1,1,6.69,34205762
201166,01-07-2014,1112,3,3,4.7,28,25.2,0,1,3.02,9027216
201167,01-02-2020,936,2,3,5.1,44,19.5,1,1,5.56,9295967
201168,01-10-2023,2636,6,4,7.4,3,8.4,1,0,7.6,37407424
201169,01-03-2011,1988,2,2,6.7,37,18.7,0,0,5.72,22563831
201170,01-02-2013,1564,3,2,5.1,26,13.4,1,0,2.99,12710275
201171,01-06-2018,1507,3,3,9.6,17,10.8,0,0,7.99,24173251
201172,01-12-2015,891,2,1,6.5,13,19.6,0,0,4.17,9389402
201173,01-05-2014,1421,3,3,7.4,31,8.3,0,0,2.65,18474997
201174,01-06-2012,2097,4,3,9.1,9,8.1,1,0,4.6,36169346
201175,01-09-2011,1097,3,2,7.4,8,16.6,1,0,7.98,11584047
201176,01-03-2013,1260,2,3,3.6,13,21.9,0,1,6.8,9988634
201177,01-08-2013,1788,4,3,3.8,17,21,0,0,6.36,16783871
201178,01-05-2011,2747,5,5,3.2,27,18.5,1,1,1.99,22466969
201179,01-07-2016,2279,5,4,5.2,30,14.9,0,1,2.78,23203095
201180,01-06-2016,1590,4,3,4.7,17,16.8,1,0,6.1,15216313
201181,01-08-2023,1208,3,3,7.4,30,12.7,0,1,3.51,15962896
201182,01-11-2017,1921,4,2,6.2,1,16.8,1,0,1.84,21605136
201183,01-11-2016,1720,3,3,9.6,5,1,1,1,3.97,29841363
201184,01-07-2017,1757,4,4,4.2,17,23.8,0,1,1.28,19699689
201185,01-09-2011,1850,3,2,4.3,29,25.6,1,0,5.8,15698338
201186,01-07-2023,2451,5,4,8,1,8.1,1,0,7.71,33565224
201187,01-07-2015,1666,3,3,8.8,4,1,0,0,2.72,30599249
201188,01-08-2013,1824,4,5,4.9,42,14.2,1,0,0.77,15299559
201189,01-04-2016,2714,6,4,7.2,16,10.7,0,0,5.46,28280759
201190,01-02-2014,500,2,1,5.9,17,14.5,0,0,4.94,5002541
201191,01-11-2019,1825,4,4,5.9,38,21.3,1,0,3.94,22433955
201192,01-03-2010,500,2,1,7.5,21,19.7,0,0,3.02,5216133
201193,01-04-2014,1769,3,3,7.8,36,15.6,1,0,4.46,21562871
201194,01-10-2021,1817,4,4,3.6,22,25.5,0,1,4.17,16423305
201195,01-08-2013,2069,4,4,6.3,22,9,0,1,3.41,26389563
201196,01-07-2018,1304,2,2,6.7,25,11.2,1,1,7.16,19247275
201197,01-04-2012,2702,6,4,7.1,14,6.8,1,1,3.71,32801961
201198,01-07-2022,955,2,2,7.2,43,4.6,1,0,2.43,10727097
201199,01-11-2022,1866,3,2,4.3,29,14.2,1,1,4.93,17605829
201200,01-11-2018,1031,1,2,7.6,6,5.6,0,0,2.81,17020376
201201,01-01-2020,2095,4,4,5.7,18,11,0,1,0.5,20551393
201202,01-07-2013,1772,2,1,3.5,34,23.2,1,1,4.54,14119485
201203,01-05-2023,1945,3,2,5.3,8,18.7,0,0,4.91,24275356
201204,01-04-2019,1608,3,2,4.4,9,8.4,1,0,0.5,18653277
201205,01-11-2022,2148,5,4,9.3,11,8,0,0,5.65,32676378
201206,01-03-2012,1425,3,4,5.1,26,11.5,1,0,6.48,14281744
201207,01-01-2011,2417,5,4,5.6,44,19.8,0,0,2.72,26365052
201208,01-07-2019,2541,5,4,7.7,14,1,1,1,2.93,38551561
201209,01-08-2021,1152,3,3,3,11,20.9,1,1,7.33,10404135
201210,01-06-2016,1577,2,2,6.6,15,16.3,0,1,0.5,16454180
201211,01-05-2019,591,2,2,6.8,5,2.9,1,0,4.2,7413151
201212,01-05-2014,500,1,2,4.2,29,16.4,1,1,5.83,4316758
201213,01-07-2019,1322,3,3,5.7,14,11.3,1,1,5.08,12148586
201214,01-09-2016,1786,4,3,10,9,12.2,0,0,3.51,29615040
201215,01-04-2021,2306,4,3,6.9,21,15.3,1,0,3.67,30390865
201216,01-07-2017,1678,4,3,7.9,24,8.4,0,1,6.61,22227590
201217,01-05-2018,1600,3,3,8.4,24,5.7,1,1,2.72,22116499
201218,01-03-2023,2365,6,4,6.1,36,15.1,1,0,1.94,31459884
201219,01-05-2020,2305,6,5,5.8,26,11.5,0,0,3.78,28032882
201220,01-01-2020,1738,5,4,8.7,15,7.9,0,1,4.72,24533150
201221,01-05-2019,2923,6,5,3,24,24.7,0,0,5.95,23742181
201222,01-09-2016,2679,5,4,9,10,3.7,0,1,5.54,47939564
201223,01-12-2014,698,1,1,10,21,7.2,1,0,5.49,11269220
201224,01-07-2016,1925,4,4,9.3,43,3.1,1,1,2.38,32870817
201225,01-05-2014,1992,4,3,5.2,20,20,0,1,2.54,21348406
201226,01-08-2015,2554,6,5,4.4,13,10.2,0,1,7.18,25383359
201227,01-06-2017,1087,3,2,6.9,45,7.4,1,0,6.71,11741932
201228,01-03-2022,1779,4,2,6.2,21,13,1,1,1.39,18847359
201229,01-09-2014,1371,1,1,6,11,7.3,1,0,2.5,14761744
201230,01-03-2010,2458,5,4,3.4,8,23.4,1,0,4.95,20413902
201231,01-07-2023,1135,2,3,7.2,27,16.2,1,0,3.73,15694345
201232,01-09-2015,2868,7,5,7.2,33,12.8,0,1,5.59,39732762
201233,01-01-2012,1044,2,2,5.4,14,18.9,0,1,6.51,8676878
201234,01-05-2015,1780,3,3,9.2,37,3.8,0,0,5.91,27849703
201235,01-10-2023,865,2,2,4.9,42,14.5,0,0,3.25,6253940
201236,01-05-2014,1575,3,3,6.1,24,22.5,1,1,0.82,17804086
201237,01-07-2015,1660,4,3,8.3,16,11.9,1,0,5.76,22491709
201238,01-09-2022,2248,4,4,8.7,7,12.3,0,0,3.05,33674558
201239,01-12-2023,1979,4,3,5.7,23,14.2,1,1,4.82,24408950
201240,01-10-2011,1445,3,3,5.9,5,15.6,1,0,6.43,14406539
201241,01-04-2017,988,1,1,5.6,18,10.7,0,0,4.43,10058148
201242,01-05-2014,2153,5,4,3.5,26,20,0,1,5.9,20018715
201243,01-10-2014,979,2,2,8.2,35,6.2,0,0,1.13,12053074
201244,01-10-2014,1978,3,4,6.6,4,9.3,1,0,3.89,28758585
201245,01-11-2012,1481,3,3,4.8,36,11,0,1,3.23,13948787
201246,01-05-2018,2576,5,4,1.6,32,22.6,1,1,8.03,14387816
201247,01-05-2017,1492,2,2,6.7,51,3.2,0,1,0.5,15001900
201248,01-10-2016,587,1,2,7.2,45,1,1,1,2.55,6321481
201249,01-04-2016,1756,4,4,7.6,9,8.7,0,0,5,28725579
201250,01-06-2023,861,2,2,8.4,21,8.2,0,1,1.05,13945094
201251,01-10-2023,1464,3,3,7.6,12,13.9,1,1,3.96,18980410
201252,01-08-2018,3520,7,6,8,25,1,0,0,0.97,53737350
201253,01-11-2010,1959,2,3,6.3,13,13.5,0,0,8.1,26187342
201254,01-06-2016,1223,2,2,8.6,17,11.3,1,0,4.1,16877780
201255,01-05-2022,2171,5,4,1,5,38.7,0,1,3.61,13553807
201256,01-11-2012,2391,5,5,5.2,49,18.5,0,0,3.24,23573278
201257,01-05-2016,1572,3,2,5.5,24,15,1,1,3.1,18706088
201258,01-06-2018,2166,4,4,10,6,4.5,1,1,0.5,30341581
201259,01-04-2014,824,2,2,3.5,16,19.7,0,1,1.69,6256815
201260,01-05-2017,1254,2,2,5,31,18.8,0,0,7.33,10523072
201261,01-07-2018,1584,4,4,3.4,25,29.3,0,1,8.02,13110497
201262,01-05-2020,1793,4,3,6.7,30,14.5,1,1,5.7,24304567
201263,01-02-2013,500,1,1,6,47,11.7,1,0,5,3234420
201264,01-10-2013,2390,7,5,7.7,9,15.6,0,1,6.16,37098043
201265,01-02-2021,2470,4,3,8,31,7.6,0,1,1.39,30702242
201266,01-07-2014,1552,3,3,7.6,8,6.5,1,0,5.52,20784894
201267,01-10-2010,1993,3,3,3.5,10,26.7,1,0,6.93,14988973
201268,01-01-2023,1962,3,3,6.5,27,15.6,1,0,2.56,22852236
201269,01-06-2012,783,2,1,7.3,6,13.1,0,1,5.83,10616838
201270,01-01-2020,630,1,1,8.3,49,6.6,1,0,4.22,7179384
201271,01-04-2018,3038,6,4,6.6,21,13.1,1,1,7.35,41342255
201272,01-08-2023,2758,6,4,5.6,24,18.5,1,0,9.12,29461512
201273,01-10-2018,2230,3,4,5.1,16,14.7,1,1,1.78,25607503
201274,01-05-2012,2077,4,3,5.8,21,11.6,0,1,3.41,18850486
201275,01-12-2021,880,2,2,7.4,8,9.4,0,0,3.31,12492636
201276,01-10-2015,1163,2,2,9.8,4,3.6,0,0,2.61,20835927
201277,01-01-2016,1523,4,4,6.1,15,6.1,1,1,2.7,21113015
201278,01-01-2018,851,2,2,5.6,22,15,0,0,5.63,8616302
201279,01-04-2010,1971,4,4,5.5,9,16,1,1,1.28,21186731
201280,01-11-2017,1086,2,1,7.2,19,8.5,1,1,4.74,14190511
201281,01-02-2013,1870,4,4,3.2,18,15.9,1,1,4.64,18916624
201282,01-12-2017,1285,2,3,3.9,16,16.8,0,0,4.62,11560976
201283,01-11-2018,1910,4,3,9,15,5.9,1,0,3.14,33925782
201284,01-09-2021,2363,5,4,6.1,5,11.6,0,0,6.31,28850525
201285,01-01-2015,1652,4,4,9.6,22,1,1,1,8.52,23951082
201286,01-02-2022,1853,3,2,5.5,35,13.4,1,0,3.33,17566198
201287,01-11-2015,844,2,2,5.7,12,16.4,1,0,5.22,10107148
201288,01-11-2010,1520,3,3,5.9,16,28.8,0,0,7,15957899
201289,01-10-2016,666,1,1,5,5,22,1,0,4.23,7043183
201290,01-01-2014,2821,6,6,6.6,39,12.2,1,0,5.51,32873335
201291,01-12-2021,1733,2,1,4,7,26.1,0,1,3.81,13714099
201292,01-02-2011,1885,3,2,7.4,21,13.5,1,0,6.53,20747226
201293,01-11-2023,2214,5,4,6.1,28,14,0,0,7.79,24640319
201294,01-09-2020,1972,4,3,4.6,32,22.1,1,0,4.99,19763111
201295,01-07-2020,1953,3,2,7.1,11,16.9,1,0,3.86,27062372
201296,01-05-2018,1756,3,3,3.8,22,13.4,0,0,4.06,15141073
201297,01-03-2013,1962,6,5,5.6,14,4,0,1,2.75,20134576
201298,01-01-2019,2060,4,3,7.2,66,12.3,1,0,6.48,25421266
201299,01-08-2015,1063,2,2,6.3,20,11.4,1,0,2.76,12625892
201300,01-11-2021,2546,5,4,7.1,10,14.4,0,0,5.16,32967025
201301,01-07-2014,1731,3,2,6.8,14,19.1,1,1,3.6,20275340
201302,01-01-2017,1417,3,2,10,44,6.6,1,0,5.92,21057030
201303,01-08-2013,2160,4,3,6.1,6,17,1,1,2.74,26512538
201304,01-03-2020,1934,4,4,6.6,28,9.4,0,0,5.31,23570794
201305,01-09-2019,914,2,1,5.4,30,16.5,1,0,4.11,8891143
201306,01-02-2016,2927,7,4,7,19,1.6,0,0,5.96,34990167
201307,01-07-2016,1620,3,2,6.6,44,7.1,0,1,6.04,18860564
201308,01-09-2023,1179,1,2,10,12,3.5,1,0,2.88,21670481
201309,01-09-2020,1740,3,2,6.8,8,7.4,1,0,4.16,22916322
201310,01-03-2015,1954,5,3,4.7,33,18.2,1,1,3.16,22072311
201311,01-09-2019,1219,2,2,6.4,19,13.9,1,1,4.76,15195552
201312,01-09-2021,1172,3,3,9,28,9.8,1,0,5.65,13674895
201313,01-04-2012,2325,4,3,5,33,14,1,1,4.47,23357171
201314,01-08-2017,1338,3,3,6.9,37,13.3,0,0,4.74,15119857
201315,01-06-2017,1431,3,2,5.9,13,9.9,1,0,1.1,17161713
201316,01-12-2016,1972,3,3,7.4,13,17.6,1,1,5.48,29108044
201317,01-11-2021,3262,7,5,6.5,28,18.9,1,0,2.6,44030048
201318,01-03-2013,3776,7,6,6.4,47,21.3,1,0,4.35,43933526
201319,01-09-2012,2380,5,5,7.9,15,14.1,1,0,3.35,37406444
201320,01-11-2010,2112,4,3,4.3,19,19.2,0,0,4.75,18988362
201321,01-04-2022,2015,5,3,4.4,43,16.7,1,0,6.17,19127706
201322,01-03-2022,500,1,1,8.6,36,3.8,1,1,6.82,6244694
201323,01-11-2020,1359,3,3,5.2,52,15.1,1,1,2.9,12359234
201324,01-07-2014,2457,5,4,4,22,24.8,1,0,7.28,23197556
201325,01-01-2021,535,2,2,4.2,12,13.3,0,1,4.41,5644414
201326,01-09-2019,2146,4,5,7.1,46,18.2,0,1,4.28,25724272
201327,01-03-2013,1770,4,3,5,26,11.2,1,0,4.12,18859754
201328,01-01-2010,2741,6,5,7.2,80,1.9,1,0,2.6,28748954
201329,01-09-2011,977,1,1,5,16,18.4,1,1,8.35,9062828
201330,01-08-2010,2073,3,3,5.2,18,19.1,0,0,5.38,22481421
201331,01-10-2022,1684,4,4,7.6,34,6.9,1,1,5.09,23851753
201332,01-09-2021,2064,4,3,7.9,20,10.4,1,0,2.69,29182475
201333,01-02-2023,1398,2,2,8.6,26,16.1,0,1,3.67,21955872
201334,01-06-2013,1855,4,3,7.6,10,6.3,0,0,5.59,22062976
201335,01-09-2012,2025,4,3,4.8,9,19.7,0,0,2.28,21658115
201336,01-05-2010,1534,4,3,5.5,27,11.5,0,1,4.99,16399299
201337,01-04-2023,1342,3,2,8.6,31,7.2,0,1,3.73,20600135
201338,01-09-2015,1057,2,3,9.2,21,1,1,0,3.08,15288013
201339,01-02-2018,2289,4,4,7.5,26,17.5,0,1,5.29,30580380
201340,01-06-2013,1901,4,4,4.4,21,23.7,1,0,3.64,16960569
201341,01-08-2019,2236,5,4,7,47,8.7,1,0,8.73,28241570
201342,01-08-2012,1746,4,3,7.7,19,14.1,0,1,3.77,23076398
201343,01-01-2014,1896,3,3,8.5,25,13.1,1,0,5.02,29672196
201344,01-02-2020,1793,3,4,5,16,11.3,0,0,3.37,19458928
201345,01-06-2021,1960,4,3,5.7,26,13.4,1,0,5.87,20762002
201346,01-12-2019,782,1,1,7.6,15,13.2,0,0,4.27,9897937
201347,01-07-2015,1081,2,2,5.1,22,10.1,0,1,4.67,10421653
201348,01-12-2011,1547,2,1,6.8,21,21.3,0,0,5.66,18749201
201349,01-07-2017,1363,3,3,9.6,18,2.6,0,0,9.35,21360816
201350,01-01-2016,1947,4,2,7,20,14.9,1,0,6.72,25105583
201351,01-06-2016,996,1,2,9.3,9,1,1,0,4.36,13452470
201352,01-05-2022,2548,4,4,5.8,18,10.6,1,0,3.15,28834964
201353,01-05-2021,945,2,2,3.3,8,21.9,1,0,1.51,8746870
201354,01-04-2013,1183,2,1,4.2,7,24.4,1,0,4.32,11482074
201355,01-10-2023,1327,4,3,7.3,16,18.9,1,0,0.5,18225035
201356,01-03-2019,1948,4,4,7.4,31,9.5,1,0,8.76,28456993
201357,01-01-2019,1428,3,2,6.7,19,16.6,0,0,6.6,18077844
201358,01-01-2023,1728,4,3,5.3,49,18.3,1,0,5.33,17778076
201359,01-09-2019,2622,5,2,5,36,12,0,1,2.15,27668264
201360,01-10-2018,1573,4,4,4.5,16,15.6,1,1,3.69,13690157
201361,01-04-2018,1276,2,1,6.4,22,22.6,0,1,4.04,14334351
201362,01-10-2016,1524,4,3,10,15,1.7,1,0,5.74,25410709
201363,01-03-2014,1927,4,3,5.5,30,8.5,1,0,4.96,22689890
201364,01-09-2017,1727,4,2,6.1,22,16.4,1,0,5.16,22130789
201365,01-07-2014,1538,3,3,4.9,6,20.1,1,0,6.8,16113591
201366,01-09-2018,2770,5,4,2.8,15,25.8,1,1,1.01,19313336
201367,01-01-2010,643,3,2,2,33,24.9,1,0,4.56,3052724
201368,01-05-2010,2315,5,4,5.3,30,24.3,1,0,4.77,23576053
201369,01-05-2019,2404,5,4,6,29,15.5,1,0,4.85,31616084
201370,01-12-2013,1470,4,3,7.1,11,12.4,0,1,6.28,19128384
201371,01-08-2015,1759,5,4,10,23,15.3,1,1,3.07,26205267
201372,01-10-2015,2317,3,3,6.9,8,18.9,0,1,3.21,29517904
201373,01-06-2017,2111,5,5,10,21,1,1,1,3.73,35061643
201374,01-08-2011,2007,6,5,4.9,24,16.6,1,0,6.54,20995264
201375,01-09-2018,2135,4,2,4.7,48,16.3,1,0,1.72,18872367
201376,01-07-2023,1813,5,3,5.6,7,13.9,0,0,1.9,21489785
201377,01-07-2023,2318,4,3,7.2,13,15.5,0,0,2.16,32455534
201378,01-10-2018,3097,5,4,8,20,5.4,0,0,4.65,45330725
201379,01-04-2010,2137,5,5,6.7,35,14.4,0,0,3.54,24895411
201380,01-04-2017,2565,5,5,5.8,46,21.3,0,1,7.67,25845068
201381,01-01-2021,1812,3,4,8.7,12,10.7,1,0,6.43,28146348
201382,01-11-2010,1854,4,3,5.7,14,16.9,0,0,4.49,24642047
201383,01-07-2016,2812,7,5,8.5,15,9.5,1,1,3.4,34830047
201384,01-05-2023,1905,4,3,7,15,15.4,1,0,3.57,26656556
201385,01-03-2011,1592,2,2,7.8,25,9.4,0,0,4.65,15155923
201386,01-01-2022,2260,4,3,9,23,2,0,0,6.4,33610120
201387,01-04-2019,2276,5,4,6.2,21,16.8,1,1,8.74,26210225
201388,01-06-2018,1419,2,2,6.3,17,14.4,1,1,5.13,17973165
201389,01-04-2018,1731,4,3,6.8,19,5.7,1,1,0.5,21308327
201390,01-02-2021,1161,2,1,4.4,37,14.3,0,0,2.84,9640494
201391,01-10-2011,1737,4,4,5.6,30,14.9,1,0,5.22,19020733
201392,01-10-2015,1620,3,2,7.1,10,4.4,0,0,3.77,21795516
201393,01-01-2021,2305,5,5,8.2,22,7,1,1,3.05,35662083
201394,01-04-2019,1483,3,3,7.3,10,11.9,0,0,7.66,19689855
201395,01-08-2022,983,2,2,8.7,42,10.4,1,0,5.76,12564581
201396,01-11-2011,2097,3,2,6.1,21,18.4,1,0,3.65,19159086
201397,01-05-2011,1780,2,2,4.8,16,19.5,1,1,5.25,15656429
201398,01-07-2022,1330,1,1,5.2,15,9.9,1,0,4.37,14811253
201399,01-08-2019,2208,4,4,1,20,26.7,0,1,5.97,13343782
201400,01-09-2016,1492,4,3,10,16,4.3,0,1,2.18,23558048
201401,01-04-2013,1766,5,3,4.4,23,13.1,1,0,1.9,17000033
201402,01-06-2021,2130,5,3,6.3,10,15,1,1,2.07,26242137
201403,01-06-2020,1115,4,3,9,19,10.9,1,0,6.01,16324559
201404,01-01-2016,1877,3,3,7.4,41,4.4,1,0,3.34,21499929
201405,01-01-2023,2333,6,5,8.8,14,13.5,1,0,4.15,37831584
201406,01-02-2019,1363,3,2,8.4,3,14.2,1,1,4.22,21158934
201407,01-12-2023,506,1,1,5.3,17,22,0,1,3.79,4930837
201408,01-05-2013,1686,5,4,2.2,26,27.4,0,1,6.02,11992197
201409,01-11-2016,1878,4,3,8.4,12,12.1,0,1,5.03,20862087
201410,01-04-2011,3694,7,5,5.7,21,15.7,1,0,2.7,41275258
201411,01-12-2010,500,1,1,4.9,20,20.6,0,1,2.84,4182812
201412,01-08-2016,500,1,1,4.4,9,21.5,1,1,2.54,5142138
201413,01-08-2016,2094,4,4,6.7,28,10.3,0,1,6.33,24238057
201414,01-02-2023,1748,3,2,9.4,8,1.6,0,1,7.04,29596356
201415,01-05-2021,1767,4,4,2.5,27,29.7,0,1,5.85,12788455
201416,01-12-2010,2334,5,4,5.6,14,11.4,0,0,5.38,27520796
201417,01-08-2022,1173,2,3,8.8,12,10,0,0,1.72,17455109
201418,01-06-2016,1896,4,3,6.9,28,13,1,1,3.42,22951524
201419,01-07-2019,1736,3,2,4.9,12,13.5,1,0,2.81,20013229
201420,01-11-2022,2332,5,4,7.9,20,8.7,1,0,4.8,35834377
201421,01-01-2010,2113,4,2,8.1,24,9.6,1,1,4.34,31164056
201422,01-05-2018,1331,3,2,4.4,34,10.4,1,1,3.45,10301828
201423,01-08-2023,2159,4,4,8.5,30,15.9,0,1,4.07,27091876
201424,01-02-2011,1383,2,3,7.4,3,8,0,1,5.87,21899027
201425,01-06-2011,771,2,2,6.8,51,13.6,1,0,7.09,7383314
201426,01-12-2012,2332,4,2,9.7,30,2.4,0,0,2.76,38769255
201427,01-02-2011,1032,1,2,4.3,18,21,0,1,0.59,8462767
201428,01-04-2021,1154,3,2,4.6,15,21,0,1,7.38,11751550
201429,01-05-2013,1429,4,2,7.1,11,6.7,1,0,2.98,17912102
201430,01-05-2010,1334,3,3,5.5,11,16.9,0,1,7.89,12259731
201431,01-01-2013,905,1,2,1.7,14,24.6,1,1,6.88,5267076
201432,01-08-2020,1175,2,2,7.6,23,4,0,1,2.42,16643886
201433,01-05-2022,624,1,1,7.8,29,13.4,1,0,4.99,7248192
201434,01-10-2015,1188,4,3,7.5,6,13.1,1,0,2.04,17045719
201435,01-02-2014,1793,4,4,8.4,38,1.5,0,1,4.66,28073854
201436,01-06-2013,2462,5,3,4.9,23,22.1,1,1,6.98,23305683
201437,01-02-2018,1822,4,4,8.7,19,1.2,1,0,1.88,26826818
201438,01-07-2011,941,3,3,6.4,20,15.3,0,0,3.32,12225839
201439,01-02-2020,2216,3,3,6.7,7,21.4,0,1,3.72,28845094
201440,01-12-2023,1144,2,3,7.5,17,7,0,1,5.12,14479568
201441,01-01-2015,2098,3,3,8.6,23,6,1,0,2.94,28850547
201442,01-04-2011,1656,3,3,7.8,40,14.8,1,0,3.95,22807786
201443,01-01-2019,1134,2,2,6.9,39,19,1,0,5.09,12485611
201444,01-09-2019,2154,5,4,7.8,45,4.7,0,1,0.85,29421385
201445,01-05-2011,1742,4,4,8.3,26,2.7,0,0,6.04,26107089
201446,01-10-2012,1318,4,2,6.4,6,7.5,0,0,4.8,15588790
201447,01-12-2019,1648,4,4,7.5,28,13.1,1,1,0.77,20485662
201448,01-11-2016,2226,5,4,9.2,11,4.8,1,1,9.32,33900369
201449,01-09-2010,1622,3,3,6.6,13,11.8,1,0,3.73,19057168
201450,01-03-2022,1701,3,3,6.9,22,13.3,1,0,5.09,22712454
201451,01-01-2010,1954,3,3,5.5,22,19.9,1,1,3.39,19301135
201452,01-07-2018,1456,2,2,5.5,27,1,0,1,5.26,16744818
201453,01-08-2023,1314,4,3,6.4,13,19.8,0,0,5.71,15466664
201454,01-09-2016,1026,2,3,6.8,26,10.3,1,1,2.23,12730810
201455,01-02-2022,1042,3,1,5.1,18,16.5,0,0,4.1,11299084
201456,01-06-2010,2186,4,4,7.3,4,13.1,0,0,6.26,24000166
201457,01-12-2022,1577,4,3,6.3,47,17.6,0,1,4.61,17546095
201458,01-07-2010,2168,4,2,8.6,33,7.2,1,1,9.82,28147552
201459,01-08-2011,1288,2,1,7.2,53,20.7,0,1,2.84,13374224
201460,01-06-2015,1371,3,3,6.2,16,11.4,0,0,5.08,14774446
201461,01-09-2011,1352,4,3,9.3,33,2.9,0,0,4.68,22293099
201462,01-02-2017,2278,4,4,5.3,8,20.6,1,0,1.32,25861313
201463,01-01-2014,1600,4,3,5.8,49,22.2,0,0,5.16,15056233
201464,01-08-2015,1886,4,3,4.8,42,9.1,0,1,4.78,17424718
201465,01-02-2022,886,3,3,6.4,41,19.8,0,1,5.69,10002061
201466,01-01-2015,1979,4,4,1.4,11,21.8,1,0,1.56,12066247
201467,01-01-2011,2226,5,3,6.2,18,17,1,1,2.63,25053133
201468,01-01-2023,1673,3,2,6.8,27,11.7,0,1,2.41,23256131
201469,01-12-2014,1814,4,3,4.9,45,12.9,1,1,4.08,21398421
201470,01-11-2011,1234,3,2,5.1,35,17.5,0,0,4.87,11032532
201471,01-04-2015,1670,4,3,8.4,9,4.9,0,0,4.92,21679451
201472,01-02-2018,1570,3,4,7.2,7,16.5,0,0,8.15,21845444
201473,01-09-2023,1141,2,3,8.5,56,1,0,1,3.32,14145853
201474,01-02-2010,2732,6,5,6.8,35,11.2,0,0,3.69,35635184
201475,01-09-2017,1409,3,3,7.5,39,9.6,1,1,5.89,17547025
201476,01-06-2010,2650,5,4,3.3,19,21.1,1,0,0.5,24358283
201477,01-06-2010,500,3,2,3.2,3,17.8,0,0,8.46,3630350
201478,01-09-2018,2295,5,5,7.2,10,10,0,0,5.03,26335557
201479,01-05-2022,500,2,1,7.1,24,15.1,1,1,9.81,6440208
201480,01-05-2016,1404,4,4,6.8,14,10.8,1,0,0.75,22235405
201481,01-03-2013,1350,3,3,6.3,18,8.3,1,0,5.68,12558263
201482,01-01-2014,1449,2,3,8.2,9,15.3,1,1,5.6,23138753
201483,01-01-2014,1111,3,3,6.4,17,6.2,0,1,5.12,16180029
201484,01-05-2016,2055,5,4,4,32,15.5,1,0,1.44,18940663
201485,01-05-2015,676,1,2,8.5,38,8.5,1,0,5.91,7772866
201486,01-03-2014,2655,5,5,8.5,18,4,0,1,5.32,38389216
201487,01-03-2016,1976,5,4,5.7,4,9.9,0,1,1.76,21577757
201488,01-06-2017,2697,5,4,7.3,18,6.7,1,1,4.11,35930911
201489,01-08-2016,2819,6,5,6.5,17,19,1,1,2.13,35318699
201490,01-12-2015,2169,4,5,5.1,7,24.6,1,0,3.03,24868223
201491,01-07-2014,1989,3,4,5.7,16,13.8,1,1,3.39,23447982
201492,01-01-2011,1335,2,2,6.8,14,12.3,0,1,4.04,17248117
201493,01-07-2021,2633,4,3,7.1,64,18,0,1,4.11,31221646
201494,01-12-2018,1289,3,3,6.4,17,9.8,0,0,7.99,17967605
201495,01-11-2010,1129,2,1,5.9,31,10.2,1,0,2.44,10245781
201496,01-07-2020,1749,4,3,6.8,23,4.5,1,0,0.5,23002534
201497,01-01-2020,1384,2,2,6.9,18,15.3,1,0,5.13,17978007
201498,01-05-2023,861,1,1,6.8,29,7.3,0,0,6.55,10611317
201499,01-11-2023,1723,4,3,5.8,28,8.4,0,1,4.21,20474122
201500,01-08-2021,1195,2,2,7.1,18,13.8,0,0,5.36,15736632
201501,01-01-2015,1362,3,2,10,18,9.3,0,1,1.12,20628870
201502,01-12-2011,1813,5,4,7.1,10,13.3,0,1,5.14,27177709
201503,01-01-2017,631,1,2,6.6,25,4.1,1,0,6.04,7013602
201504,01-08-2011,1207,3,2,7.8,26,2.1,0,1,5.53,15989723
201505,01-07-2019,1954,3,2,5.2,58,10.8,1,0,3.34,19382827
201506,01-12-2023,1486,2,3,9.5,17,4.3,0,1,6.06,22189806
201507,01-03-2020,906,2,2,6.1,12,15.4,1,1,1.87,12630010
201508,01-03-2021,1227,3,3,9.9,38,1,1,1,1.76,17780016
201509,01-08-2014,1307,2,1,5.3,16,25.6,1,0,1.45,13348200
201510,01-05-2013,2027,4,3,5.5,16,17.1,0,1,3.09,24703231
201511,01-11-2021,1018,2,3,6.8,43,21.4,1,1,1.66,12464465
201512,01-05-2010,2352,4,3,8.8,21,12.3,1,0,6.2,37195327
201513,01-05-2016,725,1,2,7.5,9,11.6,1,1,5.34,10142217
201514,01-09-2021,2697,5,4,7.5,11,14.4,1,0,4.37,43134644
201515,01-08-2018,1558,4,4,5.8,19,19.4,1,0,9.87,13884448
201516,01-08-2022,1891,2,3,3.4,17,20,1,0,5.66,14465063
201517,01-11-2010,2121,4,3,4.6,20,11.9,0,1,0.74,18440753
201518,01-08-2015,500,2,2,8.8,23,5.6,1,1,7.08,6247540
201519,01-07-2017,2590,4,3,4.6,18,21.1,1,1,5.15,26574676
201520,01-09-2010,1652,2,1,7.2,9,16.1,1,0,3.93,20680304
201521,01-08-2015,1010,3,2,3.7,10,15.2,1,0,5.25,8786940
201522,01-12-2017,2022,4,2,5.6,52,13.6,0,1,0.88,19725260
201523,01-08-2010,914,1,1,10,34,1.4,1,0,7.88,12417539
201524,01-02-2010,2117,5,5,5.5,20,13.6,1,1,2.79,25321587
201525,01-03-2023,1886,4,3,8.1,25,6.2,0,1,6.74,26675184
201526,01-07-2021,2980,6,5,3.5,22,26.9,1,1,1.45,22168404
201527,01-06-2020,1586,3,3,6,20,14.6,1,1,2.96,17197621
201528,01-07-2012,1415,3,3,4.2,9,25,1,1,5.91,12257054
201529,01-06-2019,1440,3,3,3.8,33,19.8,1,1,2.84,11091529
201530,01-01-2022,1219,1,1,7.2,21,10.1,0,1,5.16,17028674
201531,01-05-2019,2006,3,2,9,5,4.6,0,0,2.24,31356489
201532,01-04-2012,1449,3,3,9.4,25,12.4,1,0,5.25,16226338
201533,01-07-2011,1452,3,4,5.6,26,12.8,0,0,7.56,16052409
201534,01-06-2014,1279,2,3,6.3,22,10.2,1,1,3.21,16492293
201535,01-11-2012,2498,4,3,7.3,14,13.2,0,0,0.92,33913095
201536,01-03-2018,1004,3,2,7.7,5,2.4,0,1,7,17617412
201537,01-03-2015,1694,3,2,8.7,22,5.9,0,1,3.07,25769687
201538,01-08-2012,1954,5,4,5.8,10,21.7,1,0,3.63,23364661
201539,01-07-2011,2047,5,5,5.5,43,16.9,1,0,5.65,22786467
201540,01-10-2018,1750,4,4,7,40,10.9,0,1,2.83,23914925
201541,01-12-2012,1112,3,3,8.9,8,13,1,1,3.94,15175121
201542,01-12-2018,2457,6,6,6,10,6.3,0,0,6.17,35532448
201543,01-03-2023,1353,3,3,6.3,21,19.9,1,1,3.23,16672543
201544,01-03-2018,2367,6,4,6.2,11,7.8,1,1,4.24,33489096
201545,01-04-2011,1435,3,4,8.8,36,3,0,1,4.67,19154322
201546,01-12-2016,1271,2,1,5.1,20,23.5,0,0,3.85,11098657
201547,01-04-2014,1727,4,3,7.8,5,5.8,0,0,5.28,26382948
201548,01-03-2020,500,1,2,8.4,12,7.5,1,1,3.45,8633840
201549,01-05-2020,2284,4,3,7.4,17,3.8,1,1,2.95,29947984
201550,01-05-2019,1280,3,2,8.7,16,8.1,1,1,4.87,18183459
201551,01-05-2017,2056,4,3,6.8,18,13.1,1,0,10.34,25725479
201552,01-11-2017,1627,3,2,6.6,32,11.9,1,1,4.28,18967224
201553,01-06-2013,1491,3,3,6.5,4,17.1,1,0,9.82,18868989
201554,01-12-2012,1149,2,1,5.5,41,14.1,0,0,3.27,9925957
201555,01-03-2019,856,2,2,8.9,11,9,0,0,8.02,12214766
201556,01-08-2015,2007,5,5,3.7,17,18.4,0,1,4.12,23084703
201557,01-03-2021,2072,4,4,4.7,62,22.9,0,0,6.63,16068131
201558,01-01-2015,2587,5,4,6.5,16,2.6,0,0,6.04,34619674
201559,01-01-2015,1558,3,2,5.3,9,14.2,0,0,6,15504906
201560,01-10-2018,1568,3,3,4.6,50,17.9,1,0,5.96,12758271
201561,01-08-2023,2333,6,5,6.7,31,11.2,1,1,1.03,33815934
201562,01-02-2021,1753,5,4,6.1,21,13.4,1,0,2.88,21901866
201563,01-08-2012,1798,4,3,8.4,18,10.8,1,0,6.1,24999750
201564,01-01-2015,1553,2,1,6.1,25,25.7,0,0,3.09,16182888
201565,01-11-2018,2071,4,4,6.1,26,17.5,0,0,7.34,21964481
201566,01-04-2013,1733,3,2,6.7,16,6.6,0,0,4.02,20473739
201567,01-10-2016,1512,2,3,5.8,23,10.3,1,1,0.5,16788788
201568,01-12-2016,1817,4,3,8.1,16,8.3,1,1,4.26,25964458
201569,01-07-2023,1713,4,3,5.4,22,18.2,0,1,2.44,18314380
201570,01-05-2019,1820,4,4,10,24,1.6,1,0,4.11,26583923
201571,01-03-2013,1610,3,3,6.9,20,12.9,1,1,5.48,17574822
201572,01-01-2019,2157,4,2,6.7,28,8,0,1,3.88,26516744
201573,01-10-2018,1187,2,1,6,35,8.5,0,0,5.83,12257583
201574,01-03-2016,1118,1,2,6.8,18,11.1,0,0,0.91,12647606
201575,01-06-2017,2042,5,4,5.2,31,22.5,0,0,1.6,23006205
201576,01-04-2016,1968,4,4,7.9,13,4.2,1,0,5.27,24400906
201577,01-09-2015,1928,3,2,7,36,7.6,0,0,6.15,25461023
201578,01-06-2023,2957,5,3,6,31,18.5,0,0,5.85,36581783
201579,01-06-2017,1275,3,3,7.2,23,13.3,1,0,3.3,15930397
201580,01-06-2010,1185,2,3,7.1,42,11.5,1,0,7.2,11999781
201581,01-07-2021,1868,2,2,4.1,7,28.1,1,0,1.57,17401842
201582,01-01-2023,1985,4,4,7.1,13,10.7,1,0,2.96,24716070
201583,01-04-2022,1064,3,3,7.1,14,12.9,0,1,6.51,11392547
201584,01-01-2020,1511,2,1,6.4,26,15.2,1,0,3.87,16747028
201585,01-12-2014,1422,3,1,5.3,29,21.2,1,0,0.69,13433559
201586,01-11-2020,1265,3,3,4.2,28,36.1,0,1,8.63,11433298
201587,01-04-2010,1511,1,1,9.9,26,1,1,0,4.61,24200021
201588,01-02-2012,1263,2,2,7.2,11,18.5,0,0,8.04,16709087
201589,01-12-2015,1623,3,4,8,34,11.8,0,0,4.4,25560642
201590,01-02-2017,2023,5,4,8.2,20,1.2,0,0,3.27,28551798
201591,01-12-2016,757,2,1,5.4,27,15.4,0,0,4.88,7421034
201592,01-06-2023,1259,2,2,7.9,38,8.9,1,0,3.73,17840265
201593,01-02-2018,1807,3,2,6.6,3,12.4,0,0,6.52,22756004
201594,01-07-2014,1568,3,2,4.3,44,13.7,1,1,7.36,11554659
201595,01-04-2014,500,1,1,5,18,20,0,1,4.43,4523561
201596,01-08-2010,1370,3,3,5.7,13,14.1,0,1,2.79,15074015
201597,01-08-2012,2628,5,4,7.5,20,7.7,1,0,1.26,38910823
201598,01-09-2011,1743,3,2,4.3,27,18.1,0,0,2.88,18046153
201599,01-01-2020,861,1,2,6,4,18.2,1,1,6.09,11829797
201600,01-01-2023,1962,4,4,10,8,3.5,1,1,4.94,34886342
201601,01-06-2021,1779,4,4,8.6,14,12.3,1,1,0.96,30754831
201602,01-06-2018,2207,4,3,8.2,13,13.6,1,0,2.96,31959893
201603,01-06-2015,1983,3,2,8.8,19,9.6,0,0,1.45,28104801
201604,01-09-2019,1302,4,2,4.5,15,23.4,1,0,4.32,13054284
201605,01-05-2010,1673,3,3,6.3,19,25,0,0,2.38,18639526
201606,01-10-2014,1615,4,4,6.5,31,5.9,1,1,4.55,20689074
201607,01-02-2014,1575,4,3,5.1,16,22.1,0,0,4.12,14468003
201608,01-07-2010,1677,4,3,4.9,49,15,0,0,3.08,13335971
201609,01-08-2022,2046,4,4,8.1,33,9.7,1,1,3.84,31321609
201610,01-01-2010,1537,3,2,7.1,18,12.3,1,1,7.55,16745091
201611,01-03-2023,849,1,1,8.9,22,1,1,0,3.97,12581405
201612,01-07-2020,2034,5,3,5.9,17,18.1,0,0,6.12,23843684
201613,01-06-2021,1858,4,4,8.3,12,3,0,1,2.13,24196554
201614,01-01-2011,1408,4,3,8,16,5.9,0,1,0.74,17844650
201615,01-03-2012,1078,2,3,5.7,30,19.5,1,0,2.36,11751257
201616,01-08-2014,1532,4,3,7.4,22,14,1,0,4.93,20621365
201617,01-07-2017,1993,4,2,4.5,19,23.6,0,0,3.22,18565121
201618,01-10-2021,2316,5,5,7.9,12,11.1,1,1,5.7,26932590
201619,01-04-2017,1638,4,3,7.9,12,8.9,0,0,6.2,24557218
201620,01-07-2020,1526,3,3,8.1,20,11.4,1,0,4.39,22337029
201621,01-09-2018,1979,4,3,2.6,19,23.9,1,0,3.52,15484225
201622,01-12-2017,2425,5,3,5.9,12,17.6,1,0,4.65,27684887
201623,01-05-2011,1539,3,2,7.2,26,15.8,1,1,4.03,22235686
201624,01-10-2018,1484,3,3,6.1,48,15.9,1,1,3,15574346
201625,01-10-2015,1271,2,2,6.6,18,11.2,0,0,3.14,12176900
201626,01-06-2016,1672,3,3,7.4,28,4.3,1,1,3.67,18936606
201627,01-09-2018,2238,3,4,5.7,14,16.8,1,1,5.2,25558866
201628,01-10-2020,805,3,3,5.3,12,11.8,1,0,3,8214437
201629,01-10-2013,2508,6,4,7,62,8,0,0,4.57,26302503
201630,01-08-2019,1781,4,4,7.7,31,12.1,0,1,2.73,24808546
201631,01-05-2017,1573,3,2,7.9,45,11,1,1,3.13,17886429
201632,01-01-2012,2742,5,3,6,25,12.3,1,0,7.77,32776383
201633,01-11-2016,2072,3,3,5,16,24.2,1,1,3.92,22603570
201634,01-10-2010,926,2,2,4.4,29,10.4,0,1,4.96,6859398
201635,01-12-2011,848,2,1,5.4,66,9.6,1,1,5.68,6215487
201636,01-12-2015,1840,5,4,7.9,23,11,0,0,3.38,22549394
201637,01-09-2016,1766,2,2,7.6,13,14.4,0,0,3.17,24406283
201638,01-10-2014,1563,3,3,8.3,30,13.7,0,1,0.5,18071561
201639,01-10-2015,1207,3,2,7.7,27,16.3,0,1,1.76,13294631
201640,01-01-2011,2043,5,4,6.3,43,12.5,0,0,3.06,21698956
201641,01-11-2017,1909,3,2,7.8,48,19.2,0,1,0.5,24189924
201642,01-07-2015,1358,2,1,7.2,11,7.9,1,1,4.87,14146564
201643,01-02-2013,793,1,1,7.4,37,14.7,0,0,3.86,8275519
201644,01-10-2018,2022,4,3,5.4,7,12.8,0,0,5.54,23630074
201645,01-08-2012,2142,4,3,7.5,5,13.5,1,1,5.63,28927917
201646,01-11-2020,1707,3,2,4,37,19.1,1,0,7.57,15402105
201647,01-10-2023,1840,5,3,7.3,6,8.3,0,0,5.36,23894112
201648,01-07-2015,1141,2,3,7.8,10,18.9,0,1,6.14,14415887
201649,01-08-2016,1562,3,3,6.4,19,3.7,1,0,1.09,17942390
201650,01-06-2021,2058,5,4,7.7,25,15,1,0,2.92,23043143
201651,01-10-2023,1664,4,3,6,37,11,0,1,1.76,20850083
201652,01-05-2016,679,2,2,5.9,17,13.4,1,0,1.99,8361882
201653,01-10-2011,2221,5,5,5.8,16,18.2,1,0,7.79,25365536
201654,01-10-2014,1658,3,2,6.2,27,18.8,1,0,3.03,17383224
201655,01-03-2013,1331,3,3,5.6,36,26.4,0,1,7.08,13099449
201656,01-10-2018,1493,3,2,8.5,19,8.1,0,0,5.8,22151213
201657,01-11-2014,2477,4,3,3.6,20,18.2,1,1,5.8,21061471
201658,01-04-2023,500,2,1,6.9,38,6.8,1,0,5.19,5347829
201659,01-03-2016,1553,2,2,7,19,10,1,0,1.43,19434997
201660,01-07-2017,2097,4,3,7.9,28,4.3,0,0,3.05,29122191
201661,01-12-2010,2224,4,3,8.2,10,8.5,1,1,0.5,29437034
201662,01-04-2023,1783,3,3,8.2,3,14.5,1,1,5.58,23997743
201663,01-12-2014,1930,4,2,6.1,28,11.5,0,0,4.57,21901993
201664,01-12-2017,2585,5,4,8.6,4,8.8,1,0,4.03,36715745
201665,01-12-2016,1574,3,4,5.1,24,21.5,1,1,4.53,16636089
201666,01-11-2023,1532,4,3,5.6,12,17,0,1,1.58,17376202
201667,01-10-2021,2518,4,3,6.7,25,7.9,1,1,2.54,26834972
201668,01-11-2016,758,1,1,6.2,44,15.4,1,0,5.74,8017460
201669,01-07-2022,2449,5,4,6.6,19,18.8,1,1,3.38,26288622
201670,01-07-2021,2241,4,3,5.9,17,17.2,1,1,5.9,23918686
201671,01-03-2015,1439,2,2,7,13,13.8,0,1,6.52,18095267
201672,01-10-2010,1339,3,3,9,23,6.6,0,0,3.32,20667528
201673,01-08-2018,1662,4,3,6.4,11,15.9,0,1,4.46,21231646
201674,01-06-2023,1950,3,3,6.4,41,12.2,0,1,4.71,21373764
201675,01-03-2020,1946,3,3,6.3,20,10.8,1,1,3.49,22497402
201676,01-06-2023,1210,3,3,8.6,14,15.9,0,1,2.17,18588256
201677,01-07-2023,640,3,3,6.7,40,7.6,0,1,4.67,7240981
201678,01-10-2013,1576,4,3,10,15,4.6,0,0,4.11,28949380
201679,01-06-2012,2485,5,4,7.6,28,6.9,1,1,7.02,32823506
201680,01-12-2020,1137,4,3,5.5,22,10.5,1,0,1.24,13324806
201681,01-08-2014,2024,5,4,1.6,43,32.2,1,1,3.5,11298758
201682,01-09-2011,1524,3,2,5.7,22,12.1,1,1,4.3,16442304
201683,01-11-2014,1965,4,3,8.1,28,19.1,1,1,5.02,28268631
201684,01-08-2016,1399,2,2,10,15,5.8,1,0,5.62,24258394
201685,01-01-2019,1200,2,2,5,13,13,1,0,4.22,10462617
201686,01-12-2018,597,1,1,7.4,16,9.1,0,0,7.01,6802521
201687,01-06-2020,1225,3,2,4.9,21,16.9,1,0,3.62,11472255
201688,01-06-2016,1006,1,1,4,5,18.3,1,0,6,8677353
201689,01-06-2010,1838,4,4,8.9,33,9.7,0,0,4.62,27850316
201690,01-03-2010,1976,4,5,7.8,28,8.6,0,1,4.77,28632398
201691,01-05-2012,1537,3,2,5.3,35,21.1,0,0,2.72,13186770
201692,01-03-2010,1654,3,2,2.6,38,21.4,1,0,6.37,11167971
201693,01-12-2022,1543,4,4,7.7,31,9.2,1,1,2.35,23954533
201694,01-04-2013,1226,2,3,2.5,10,24.8,1,0,4.79,8403743
201695,01-09-2012,2243,4,3,5.2,32,12.6,0,0,5.71,22418223
201696,01-09-2020,912,2,2,3.4,7,15.6,1,0,5.57,9096845
201697,01-04-2022,1018,3,3,4.3,28,20.5,1,0,7.74,10165455
201698,01-10-2023,1902,4,3,5.5,47,21.6,1,1,0.5,21214877
201699,01-07-2014,2605,6,4,6.9,13,9.1,0,1,3.99,35742866
201700,01-07-2015,1687,2,1,9.1,33,6.6,1,1,2.59,25621036
201701,01-07-2019,1612,3,2,7.9,18,17.6,0,0,1.22,23618160
201702,01-01-2013,1445,2,2,6.4,31,13.6,1,0,6.01,16077053
201703,01-05-2016,2174,3,2,8.1,13,8.9,0,1,4.42,29429015
201704,01-03-2018,1365,2,2,1.7,17,22.7,0,0,6.74,8237997
201705,01-01-2011,2722,6,5,6.3,21,17.7,1,0,5.16,33303303
201706,01-09-2019,1594,3,4,8,8,10.9,1,0,1.23,24238244
201707,01-06-2022,2154,4,3,6.3,19,9,1,0,5.13,23117899
201708,01-11-2022,2001,4,3,5.4,16,19.8,0,0,4.19,24726435
201709,01-06-2014,2235,4,4,4.2,22,21,0,1,4.39,22629191
201710,01-04-2013,1226,2,1,3.6,10,24.2,1,0,3.92,9891343
201711,01-03-2018,2942,5,4,6.8,21,12.5,1,1,4.5,37486668
201712,01-11-2010,1517,3,2,8.3,18,12,1,0,7.3,22225446
201713,01-05-2021,2178,5,4,5.8,10,19.6,0,1,6.57,24572676
201714,01-06-2014,1838,3,3,6.8,65,11.6,0,0,0.5,20888680
201715,01-01-2019,2163,5,4,3.4,25,21.5,1,0,3.8,16424296
201716,01-12-2011,1006,2,3,4.4,31,20.5,1,1,4.54,7407049
201717,01-02-2017,1758,3,3,6.8,14,9.3,1,1,6.78,22920169
201718,01-07-2020,3122,7,6,4.1,9,15.3,0,1,0.77,35091992
201719,01-02-2019,1187,4,3,7.7,45,1.1,0,1,1.99,13339149
201720,01-08-2020,2443,5,5,5.3,16,17.4,1,1,4.63,27423885
201721,01-06-2023,1504,3,3,8.9,12,2.5,0,0,6.22,23414638
201722,01-09-2012,2913,6,4,4.9,16,16.8,0,0,7.31,32202922
201723,01-09-2020,964,1,2,6.3,47,8.3,1,0,0.5,8786519
201724,01-08-2014,1308,3,3,4.3,49,24.8,1,0,6.88,11353074
201725,01-04-2013,2282,4,4,6.9,17,24.4,0,0,1.64,31498571
201726,01-08-2014,1797,4,4,5.1,15,26.1,1,0,3,20466991
201727,01-07-2015,1854,3,3,8.1,13,10.4,1,0,3.99,30186053
201728,01-12-2022,1575,3,3,7.2,9,16.1,1,0,4.35,22315786
201729,01-04-2019,500,1,1,8.7,12,11.6,0,0,4.62,7484570
201730,01-05-2022,1121,3,3,7.4,14,16.8,1,0,4.46,16760583
201731,01-02-2018,1346,4,4,6.2,18,6,0,1,5.6,15044121
201732,01-03-2023,961,2,2,6.7,19,23.1,1,0,4.67,9837700
201733,01-05-2019,1953,3,3,8.4,26,4.4,1,1,2.49,29340844
201734,01-08-2011,2340,4,4,3.6,35,12.8,1,0,2.77,20427891
201735,01-06-2020,1579,3,2,9,44,1,0,1,9.5,22418764
201736,01-09-2013,807,1,1,4.2,6,23.4,0,1,7.06,7468725
201737,01-05-2019,1867,3,4,7.9,18,8.8,1,1,5.54,25314880
201738,01-06-2010,1961,5,3,6.9,2,10.3,1,0,3.69,28996344
201739,01-10-2011,2102,5,3,10,20,4,0,1,0.62,42332460
201740,01-04-2012,1091,2,2,6,16,21.8,1,1,3.7,11159573
201741,01-01-2013,500,1,2,6.9,42,15.7,1,1,4.29,4729370
201742,01-12-2010,2349,5,4,9.1,13,15.6,1,1,1.9,38876797
201743,01-11-2018,1518,2,2,7.7,19,10.2,0,0,3.29,19019086
201744,01-04-2015,1677,2,1,8.4,9,13.8,0,1,6.19,24437983
201745,01-06-2013,1961,3,2,6.9,5,13.7,0,1,3.83,27746512
201746,01-04-2011,1846,4,3,7.5,9,17.9,0,1,2.52,25441681
201747,01-02-2010,1880,4,3,4,43,16,0,1,3.36,15037265
201748,01-12-2019,1497,4,4,3.5,25,27.4,1,0,2.92,14302262
201749,01-11-2018,1559,3,3,6.6,28,26.7,0,1,1.48,18393042
201750,01-02-2018,1588,4,3,6.3,22,13.3,1,1,6.18,18067388
201751,01-03-2012,2284,4,3,4.6,45,19.2,0,1,2.8,19308965
201752,01-01-2020,1326,4,3,5.2,19,11.5,1,1,1.7,13436554
201753,01-11-2017,739,2,2,4.9,47,17.3,1,1,3.4,6554533
201754,01-09-2012,2246,4,3,2.7,17,22,1,1,6.46,17274093
201755,01-08-2014,2589,5,3,6.3,14,12.4,0,1,5.12,27488308
201756,01-10-2017,2183,5,4,5.3,10,20.3,0,0,2.42,25833190
201757,01-08-2014,2538,6,4,3.2,24,21.6,0,0,5.23,19408473
201758,01-05-2013,523,2,2,7.8,5,11.6,0,0,7.24,6701705
201759,01-07-2022,2224,5,4,4.5,49,25,0,1,1.88,19216731
201760,01-11-2023,1963,4,3,4,10,17.1,1,1,1.82,20406036
201761,01-09-2020,2177,4,3,6.2,31,21.1,1,0,8.38,27975848
201762,01-06-2010,1550,3,2,5.5,25,10.9,1,1,5.77,16007254
201763,01-07-2021,1281,2,1,4.9,13,9.3,0,0,2.1,16354290
201764,01-04-2011,2362,4,3,5.4,16,13.9,1,1,3.36,24281404
201765,01-10-2010,805,1,1,4.7,22,14.2,1,1,3.93,6949584
201766,01-09-2011,2633,6,4,5.7,9,14.8,1,1,2.31,29759594
201767,01-05-2016,1963,4,2,4.1,11,27.5,1,0,3.33,15839465
201768,01-12-2023,1608,3,2,8.8,16,1.7,1,1,2.36,24942322
201769,01-07-2011,1932,4,3,5.3,26,8,1,1,6.57,17497435
201770,01-02-2015,2645,5,5,10,31,7.2,1,0,5.07,39782467
201771,01-10-2019,2007,4,4,6.7,39,22.4,1,1,5.78,22501893
201772,01-12-2014,506,1,1,9.5,30,1,1,1,1.51,6652651
201773,01-08-2018,3104,5,4,5.6,15,15,1,0,5.97,37995296
201774,01-09-2022,1467,2,2,6.8,34,13.4,0,0,8.42,17629535
201775,01-05-2013,1567,3,4,6.1,19,3.5,1,0,1.8,19643366
201776,01-12-2013,2280,4,4,10,15,7.3,0,0,4.15,37389526
201777,01-10-2019,1945,5,3,3.4,39,23.4,0,1,4.99,15845807
201778,01-06-2020,2573,5,4,6.2,5,12.7,0,0,0.5,31009724
201779,01-03-2017,1800,4,4,8.4,12,9.2,1,1,3.45,31620994
201780,01-12-2017,1990,5,3,2.9,9,12.5,0,1,7.41,17711518
201781,01-12-2021,1647,2,2,1.4,47,24.8,0,0,2.33,7118304
201782,01-08-2011,1278,3,3,9.9,24,5.8,1,0,3.37,19114094
201783,01-09-2017,819,3,3,5.1,28,11.9,0,1,2.94,8899634
201784,01-08-2017,2036,4,4,6.3,24,10.2,1,1,3.97,21545387
201785,01-11-2021,1947,5,2,3.3,73,24.1,0,1,1.77,14425392
201786,01-07-2023,1196,2,1,8.3,11,18,0,1,2.62,15880933
201787,01-12-2018,1684,4,2,7,18,19.2,1,0,3.15,23961619
201788,01-04-2020,2028,5,5,7.5,23,16.6,1,1,0.92,26613598
201789,01-05-2021,1113,2,2,7.6,53,12.3,0,0,4.13,12000792
201790,01-10-2012,2190,5,5,6.7,21,11.2,0,1,7.83,28044420
201791,01-11-2021,1315,2,1,4.5,16,12.6,1,0,6.16,12560674
201792,01-08-2020,2904,5,3,6.9,27,11.3,1,0,4.44,31405567
201793,01-09-2018,2252,5,4,6.4,54,6.8,1,1,2.93,25855425
201794,01-07-2014,1466,4,3,3.9,11,16.9,0,0,5.23,13508446
201795,01-11-2013,1648,3,2,8.1,31,7.7,1,1,1.35,17387211
201796,01-08-2014,1462,4,3,8.6,20,7.8,1,0,5.42,19421692
201797,01-05-2018,1439,3,3,8.7,31,7.1,1,0,7.43,23838480
201798,01-07-2017,1920,4,4,6.4,20,15.6,1,1,6.18,22373645
201799,01-12-2020,1599,2,3,3.2,28,24.2,1,1,2.62,12584347
201800,01-03-2016,1481,2,2,3.6,18,15.7,1,0,4.38,13206466
201801,01-10-2010,1285,3,3,6.7,56,4.9,1,0,4.66,15182857
201802,01-01-2015,2659,6,5,8.1,24,9.6,0,0,5.22,39825737
201803,01-06-2017,2633,5,5,8.2,24,1,0,1,5.48,34657798
201804,01-12-2016,2222,3,2,7.2,31,6.9,1,1,2.62,25803635
201805,01-03-2023,928,3,4,4.3,20,12.3,0,0,5.13,9308734
201806,01-09-2017,1397,2,2,5.8,46,15.3,1,1,6.21,14299580
201807,01-11-2020,1052,4,5,5.8,10,13.9,1,1,4.65,14071366
201808,01-10-2021,2331,5,4,4.5,15,19.3,1,1,1.76,20719059
201809,01-05-2023,2555,5,4,5.4,7,20,0,1,7.58,28079851
201810,01-03-2018,2240,5,5,5.9,10,13,1,0,7.84,27181007
201811,01-06-2021,2094,4,3,6.6,18,15.4,1,1,8.81,26915347
201812,01-02-2010,2014,3,3,3.8,8,23.8,0,0,6.42,16268817
201813,01-01-2011,959,2,2,7,21,16.8,1,0,1.31,10220020
201814,01-05-2023,2488,4,4,5.4,13,3.4,0,0,3.73,29698092
201815,01-09-2023,1694,3,3,4.2,15,14.2,1,0,8.3,17000658
201816,01-07-2015,866,1,1,5.7,17,20.2,0,1,3.95,10233402
201817,01-06-2021,1913,4,3,5.5,35,21.7,1,0,5.29,19800513
201818,01-06-2012,1646,4,3,7.3,28,2.8,0,1,1.68,22710137
201819,01-02-2017,773,2,2,6.4,30,11.6,1,1,5.41,9291623
201820,01-06-2016,1955,4,3,8,35,8,0,0,4.43,23180320
201821,01-11-2015,1129,2,1,2.3,10,21.8,1,1,3.58,7367392
201822,01-05-2019,1518,3,2,5.7,8,18.3,1,1,3.06,18235749
201823,01-01-2018,2143,5,4,6.8,9,15.9,1,1,4,30723535
201824,01-06-2020,824,1,1,9.6,19,9.6,1,1,5.11,13196133
201825,01-09-2023,1452,2,2,6.7,19,21.1,0,1,7.6,18146347
201826,01-02-2016,2033,3,2,8.3,36,15.2,0,0,5.58,34047167
201827,01-08-2011,2406,3,3,6.4,38,17.4,1,1,2.43,31183327
201828,01-11-2013,1071,3,3,8,25,13.1,0,0,2.31,12464096
201829,01-06-2015,1417,2,2,4.4,19,23.6,0,0,5.77,11594123
201830,01-01-2014,1273,2,2,7.8,6,8.9,0,0,5.31,17610786
201831,01-06-2021,2156,4,3,4.2,26,14.8,0,0,6.3,19957489
201832,01-07-2012,2071,4,3,6.9,14,10.3,0,0,6.8,28391809
201833,01-06-2010,3338,7,6,8.9,28,9.7,0,0,2.06,54942466
201834,01-12-2012,1231,4,4,4.5,6,17.5,0,1,7.8,11780837
201835,01-11-2019,1192,3,3,7.3,30,9.5,1,1,2.15,14872214
201836,01-02-2014,2250,3,2,5.5,12,13.4,0,0,4.81,27107125
201837,01-07-2021,1658,4,2,4.7,35,14.8,0,1,1.58,14433332
201838,01-10-2023,1463,3,2,6.4,27,9.4,1,0,6.47,16644437
201839,01-10-2010,1608,3,3,9.5,20,1.8,0,0,2.38,25799412
201840,01-08-2019,2348,5,4,8.5,26,1.9,1,0,5.9,35726141
201841,01-06-2012,1845,4,2,7.5,16,9.4,0,0,3.31,24681359
201842,01-06-2017,1255,3,3,6,30,22.3,0,1,2.38,15163119
201843,01-04-2019,1501,3,2,6.3,20,13.2,1,1,6.15,18715464
201844,01-03-2010,3146,5,3,7.6,19,18.3,0,1,5,42034508
201845,01-07-2021,2569,5,3,6.5,9,14,0,0,2.94,32220741
201846,01-01-2011,2221,5,3,7.1,19,9.3,0,1,5.14,28067974
201847,01-11-2022,2138,3,3,5.1,26,17.2,1,1,6.38,23811517
201848,01-04-2012,1367,3,2,9,22,14.8,0,0,2.7,19684718
201849,01-11-2015,1872,4,3,4.8,52,24.5,1,0,5.07,17809696
201850,01-03-2015,1263,3,3,8.9,20,4.3,0,0,8.28,21661694
201851,01-08-2016,869,2,2,8.7,19,9.5,1,0,2.33,12853847
201852,01-05-2020,1774,4,3,5,50,23.8,0,0,5.9,17506523
201853,01-12-2021,1860,4,4,5.7,36,17.8,1,0,0.5,19143973
201854,01-06-2020,1048,1,1,7.2,14,8.9,0,1,1.54,12755206
201855,01-09-2013,1625,4,3,5.2,20,10.5,1,1,4.3,12923058
201856,01-07-2020,1141,3,2,6.4,21,9.3,0,0,5.26,13558338
201857,01-07-2011,1750,4,3,7.8,21,1.4,0,0,4.39,27679504
201858,01-10-2020,2151,5,3,7.9,12,1.7,1,0,8.97,28345596
201859,01-07-2020,1133,2,3,5.3,22,15.6,1,1,2.56,14414477
201860,01-07-2018,1330,3,3,4.6,11,15.8,0,1,2.64,13466821
201861,01-11-2014,1504,3,3,8.1,9,16.2,0,1,4.39,21306107
201862,01-06-2011,1809,4,4,7.2,30,12.3,1,1,3.6,26400162
201863,01-01-2012,1864,4,3,3.9,40,27.4,0,0,4.09,18999419
201864,01-04-2014,1095,2,2,6.6,16,15.6,0,0,2.45,14679479
201865,01-08-2011,1854,2,2,8.6,27,12.4,0,1,7.29,30464422
201866,01-07-2016,2122,4,3,6.2,23,21.4,0,1,2.92,22875997
201867,01-03-2011,589,2,3,8.1,26,9.6,0,1,5.9,7184092
201868,01-02-2010,3267,7,6,2.1,23,21.2,0,1,4.12,22977742
201869,01-09-2013,2868,6,5,5.9,37,12.1,0,0,1.56,32493429
201870,01-12-2011,1155,3,2,9.2,7,7.2,0,0,5.38,15286803
201871,01-04-2014,1178,1,1,6.3,6,28.3,1,1,1.58,15797009
201872,01-12-2010,1944,3,3,5.9,30,15.3,1,1,6.28,20887710
201873,01-10-2018,2663,6,4,5.3,13,11.5,1,1,7.23,34707028
201874,01-01-2019,846,2,1,8.4,20,10.6,1,0,2.32,10992747
201875,01-01-2014,2130,3,2,5.2,27,20.9,1,0,3.59,21933775
201876,01-11-2014,2523,5,5,7,6,10.1,1,1,2.87,37181840
201877,01-11-2015,2743,7,6,7.1,23,14.8,0,0,6.36,29593156
201878,01-07-2015,2631,6,5,3.9,16,13.4,0,1,4.26,21616913
201879,01-01-2015,1749,4,3,5.9,25,14.2,1,1,4.09,19735084
201880,01-12-2019,1974,4,4,4.9,19,24.7,1,0,2.78,20466187
201881,01-04-2016,1808,3,3,7.8,13,8.1,0,0,6.23,22914093
201882,01-06-2020,1494,2,1,5.4,15,10.4,0,1,8.08,17413539
201883,01-03-2023,2077,4,2,7.5,22,2.4,1,1,5.62,27979281
201884,01-05-2015,1502,4,4,5,34,9.8,1,0,2.62,14151376
201885,01-10-2022,2349,5,4,5.6,20,21.4,1,0,4.33,24888636
201886,01-02-2015,1635,3,3,6.9,26,10.9,1,1,4.93,20680817
201887,01-01-2010,2116,4,3,8.3,24,20.3,1,0,2.97,28173714
201888,01-08-2021,1269,4,4,4.7,19,23.6,1,1,4.33,14158059
201889,01-07-2011,2232,5,5,6.7,17,21.8,1,1,7.9,30307739
201890,01-01-2011,1175,4,3,9.6,23,1,0,0,3.05,19796654
201891,01-03-2015,907,2,2,4.9,8,20.7,0,1,1.79,9394092
201892,01-05-2018,1101,2,3,9.2,40,12.2,0,0,4.33,14934417
201893,01-02-2019,2784,5,4,6.6,23,13.8,0,0,2.65,41645033
201894,01-01-2012,2896,6,4,7.5,7,10.8,0,0,5.57,42711516
201895,01-09-2013,2056,3,3,7.2,17,6.4,0,1,3.05,27301063
201896,01-03-2019,1130,3,2,6.5,22,6.7,0,1,5.83,12512857
201897,01-12-2020,500,1,1,5.2,29,18.3,0,0,3.66,3991391
201898,01-05-2018,1615,3,3,5.5,27,16.2,0,1,5.46,16819323
201899,01-04-2010,1413,3,3,5.2,16,16.3,0,1,3.29,13180815
201900,01-09-2015,1932,3,3,8.2,16,9.6,1,1,3.66,30304103
201901,01-09-2020,500,1,2,3.9,38,19.1,0,1,6.48,2675844
201902,01-12-2014,2816,6,4,5.3,35,14.6,1,1,4.63,29889230
201903,01-09-2010,2080,5,3,7.1,13,2.6,0,0,3.41,27360959
201904,01-02-2012,2569,6,5,6,5,21.7,1,1,0.5,27572131
201905,01-07-2012,884,2,2,6.1,34,21.9,1,1,5.55,9930316
201906,01-03-2018,1378,2,2,9.1,23,7.6,0,1,6.06,19857381
201907,01-11-2019,1822,3,3,8.9,18,16,0,1,4.4,28018397
201908,01-03-2013,1720,3,2,5.9,36,15.3,0,1,0.5,18672560
201909,01-09-2019,1535,2,1,6.8,23,11.4,0,0,1.91,20003576
201910,01-01-2016,2066,3,2,5.8,30,13.5,1,1,0.5,24273262
201911,01-10-2010,1235,3,2,4.4,16,17.6,1,1,2.15,12566489
201912,01-03-2010,1777,2,2,5.8,18,17.3,1,0,2.38,17096348
201913,01-07-2023,2236,4,3,7.2,12,15.7,0,0,3.09,33867685
201914,01-05-2019,1395,3,3,7.1,7,12.9,1,0,8.38,19292827
201915,01-04-2019,1630,4,4,6.9,44,11.1,0,0,1.5,19980347
201916,01-04-2010,1241,4,3,5.1,31,18,1,1,6.96,11497924
201917,01-11-2015,860,2,2,8.5,48,6.3,1,1,5.47,11905098
201918,01-08-2020,2994,7,5,3.8,9,12.7,0,0,4.47,27596918
201919,01-04-2022,2542,5,4,9.4,7,3.4,0,0,4.37,42749874
201920,01-11-2016,1231,2,3,7,8,13.8,1,0,6.32,16351541
201921,01-07-2013,500,2,2,4.1,23,19.9,1,1,2.1,4582980
201922,01-03-2015,2411,4,4,5.8,21,20.8,0,0,5.65,30970375
201923,01-06-2023,2999,7,5,8.9,39,4.8,1,1,4.58,34087956
201924,01-05-2012,2771,6,3,6.3,24,18.9,1,0,0.5,35779270
201925,01-11-2019,2070,5,4,6.1,11,14.6,0,1,1.28,24310577
201926,01-12-2013,1534,2,2,6.2,35,15.1,1,0,4.31,17273905
201927,01-08-2014,1495,1,1,9,18,13.2,0,1,5.64,22950327
201928,01-04-2015,2540,6,5,5.9,16,9.8,1,1,8.69,26766815
201929,01-12-2010,2033,3,3,6.6,13,8.9,1,0,4.55,26064166
201930,01-09-2021,3025,7,5,6.7,11,18.9,0,0,1.02,37641359
201931,01-07-2015,1446,3,2,7.7,24,15.3,1,0,1.37,17024146
201932,01-03-2021,2265,4,3,6.9,17,15.7,0,0,4.47,30011103
201933,01-02-2017,2904,5,4,7.1,26,8.5,0,1,5.05,40774179
201934,01-03-2015,1375,1,1,6.8,23,1,1,1,1.56,15552280
201935,01-09-2021,2105,3,3,4.4,20,13.7,0,1,3.67,20190961
201936,01-02-2016,1580,2,2,6.3,4,5.9,1,1,4.28,17979827
201937,01-06-2017,500,1,2,8.3,16,11.6,1,0,6.78,7785348
201938,01-03-2015,2262,4,3,9.1,37,2.6,1,1,4.74,31959994
201939,01-01-2023,1799,4,3,4.5,9,8.8,1,0,6.88,17349527
201940,01-05-2013,1998,5,4,6.9,9,15.8,0,1,2.88,29323016
201941,01-07-2013,2196,4,4,4.2,28,15.4,0,1,7.79,19367087
201942,01-08-2022,963,2,3,9.7,15,6.3,1,1,3.12,17901977
201943,01-03-2019,1866,4,4,8.7,8,9.5,1,1,0.5,28880319
201944,01-06-2020,1680,3,2,5.1,18,20.6,1,1,3.17,18371437
201945,01-04-2021,1258,3,3,6.4,15,21.4,0,1,6.79,14106632
201946,01-03-2016,1914,4,4,5.2,10,13.5,0,0,7.41,20080111
201947,01-09-2019,2349,6,4,5.2,19,9.4,1,1,5.5,23195237
201948,01-07-2014,544,1,1,10,26,4.9,0,1,2.83,6270967
201949,01-01-2017,1145,3,2,5.6,26,10.7,1,0,4.31,11723002
201950,01-06-2022,1411,3,3,4.7,20,13.5,0,1,8.15,16081146
201951,01-04-2022,1698,4,3,7,28,8.3,0,0,7.26,20298885
201952,01-11-2012,2295,6,5,7.5,40,17.2,0,1,0.5,27290065
201953,01-11-2022,2271,4,3,7,14,16,0,0,1.77,29228425
201954,01-11-2017,3005,6,6,4.8,36,14,0,0,1.32,29983662
201955,01-11-2018,2464,5,4,5.4,21,22.2,0,0,3.63,25302660
201956,01-01-2021,1396,3,2,7.6,8,18.4,1,0,3.8,19811118
201957,01-04-2022,1944,5,3,6.3,25,17.4,0,0,4.19,20820752
201958,01-09-2010,1523,2,2,6.3,42,14.6,1,1,8.4,16325052
201959,01-04-2020,1502,3,2,9,6,9.9,0,1,3.93,25705198
201960,01-10-2012,1788,5,3,7.2,18,10.3,1,0,3.2,26183823
201961,01-03-2018,1261,3,3,5,19,13.8,0,1,6.38,12348473
201962,01-06-2012,2662,5,4,6.7,21,12.2,1,1,1.34,29259890
201963,01-02-2012,1470,4,3,5.3,15,14.6,0,1,8.95,16050903
201964,01-09-2010,2256,4,3,5.7,16,14.6,0,1,5.11,27111873
201965,01-06-2017,1123,3,2,8.5,17,11.5,0,1,0.5,18892508
201966,01-10-2017,1833,4,3,9,11,10.9,1,0,4.88,30723258
201967,01-01-2013,1493,3,2,8.4,39,4.8,1,0,3.14,18538786
201968,01-07-2015,2075,4,4,7.8,44,16.4,1,1,6.67,28846216
201969,01-07-2020,2087,5,4,6.8,30,7,1,1,5.86,26061611
201970,01-12-2011,2139,4,3,5.2,61,14.7,1,0,5.49,17167044
201971,01-03-2022,1243,2,2,4.7,14,18.7,0,0,2.98,12412037
201972,01-07-2012,818,2,2,8.9,15,4.7,0,1,8.27,12075434
201973,01-02-2011,1688,3,4,6.3,32,19.1,0,0,2.8,21849694
201974,01-07-2011,1989,3,2,1.9,18,15.5,1,0,8.65,13282605
201975,01-01-2014,2272,5,4,8.2,13,20,1,0,2.64,34878937
201976,01-02-2023,2231,5,5,7.4,38,5.7,0,1,2.16,22908728
201977,01-12-2019,1714,3,3,5.9,34,18.1,0,1,2.89,13603958
201978,01-11-2019,960,3,2,7.2,37,17.5,0,0,4.81,10441299
201979,01-02-2023,2309,5,3,7.2,13,4.4,0,1,4.96,28383365
201980,01-10-2015,1123,3,2,5.8,6,15.5,1,1,7.73,13143640
201981,01-03-2013,2078,4,3,10,17,7.9,0,0,4.96,32109271
201982,01-01-2013,937,2,2,7.4,18,4.3,1,1,4.84,12867435
201983,01-06-2010,2128,4,3,5.3,52,11.8,1,0,5.72,19696743
201984,01-08-2012,1675,2,1,5.7,14,16.8,0,1,4.89,16942702
201985,01-04-2020,1449,3,3,8.9,57,1.1,1,0,5.06,21761666
201986,01-10-2017,2782,7,5,4.5,26,18.2,1,0,7.12,27673922
201987,01-09-2012,669,1,1,5.4,37,13.3,1,0,3.74,4692968
201988,01-12-2023,1293,2,3,5.8,33,15.4,1,0,4.64,14239866
201989,01-02-2013,1305,3,3,3.2,18,16.8,1,0,5.03,9417343
201990,01-01-2022,2328,4,3,3,22,11.5,1,1,3.18,20745512
201991,01-12-2020,1322,2,1,5.3,20,11.9,1,1,0.5,14403842
201992,01-08-2014,2029,3,3,4.9,32,17.8,1,0,1.92,18272020
201993,01-07-2017,2089,3,4,6.2,15,13.9,0,0,3.87,28311157
201994,01-04-2019,1946,4,4,6.7,5,13.6,0,0,2.3,20947268
201995,01-07-2018,1152,2,2,3,35,16.8,1,1,6.56,8976883
201996,01-03-2023,2242,4,4,7.6,35,1,0,0,5.77,29378988
201997,01-02-2010,2037,4,4,6.8,43,12.7,1,0,4.55,23335971
201998,01-04-2019,2492,6,4,4.3,40,18.1,0,0,2.37,22111384
201999,01-03-2012,2554,4,4,7,9,12.5,0,1,6.87,32279382
202000,01-11-2011,2434,6,3,4.7,12,11.1,1,1,2.92,28579892
202001,01-04-2022,1395,3,2,4.3,17,18.8,0,0,5.07,12171198
202002,01-04-2022,1481,3,2,5.7,10,10.4,1,0,8.06,15587359
202003,01-12-2011,2400,6,5,5.2,26,26.6,1,0,2.55,29581104
202004,01-11-2020,1573,3,2,4.2,26,11,1,1,3.17,14811907
202005,01-08-2019,2335,3,3,5.7,18,20.2,1,0,6.34,29294980
202006,01-05-2020,1302,2,2,8,22,3.3,1,1,6.83,17279944
202007,01-07-2012,1786,2,1,4.8,4,17.1,1,1,6.15,13830009
202008,01-01-2017,3289,5,5,8.1,19,9,0,0,3.82,45638298
202009,01-05-2012,1477,4,3,5.6,63,18.9,1,0,1.04,13970575
202010,01-09-2021,2308,5,3,3.8,6,24.5,0,1,9.06,23993396
202011,01-01-2010,899,3,3,9.4,28,6.4,0,0,2.23,11817943
202012,01-11-2016,1294,2,2,7.5,49,5.6,1,0,7.5,13647757
202013,01-12-2020,1560,4,4,9.2,11,6.5,0,0,7.42,23672468
202014,01-12-2012,1077,2,2,6.6,15,12.4,0,0,3.45,12862450
202015,01-08-2022,2655,6,4,8.5,22,4.7,1,0,3.26,35910010
202016,01-09-2010,1783,4,4,5.2,16,15.9,1,1,4.05,20808995
202017,01-08-2021,2330,5,3,8.3,24,15.1,1,0,4.63,35221895
202018,01-01-2023,2054,3,3,9.9,18,4.7,0,1,0.83,31308049
202019,01-02-2016,2356,6,4,6.1,22,10.3,1,1,1.95,30429196
202020,01-11-2010,1473,4,3,5.5,10,22.1,1,0,2.7,17089045
202021,01-03-2018,1472,4,4,7,10,21.3,1,1,2.11,19932947
202022,01-09-2012,1055,2,1,7.5,23,18.4,1,0,5.29,13217207
202023,01-04-2010,1764,2,3,5.5,10,15.8,1,1,2.82,19340075
202024,01-02-2022,1586,4,3,7.3,15,10.9,1,0,8.1,17560191
202025,01-01-2010,2759,6,4,7.3,19,13.2,0,0,6.58,32351766
202026,01-09-2016,1271,3,2,8.4,28,7.2,1,1,8.07,18053682
202027,01-03-2019,1881,5,3,6.5,5,3.6,0,0,4.78,21111599
202028,01-01-2010,2838,5,4,6.7,12,18.4,1,1,1.77,38004991
202029,01-09-2013,1450,2,1,4.5,18,12.6,1,0,6.99,15462440
202030,01-03-2015,1306,3,3,7.8,25,3.9,0,1,1.21,18780812
202031,01-11-2017,1739,3,3,8.8,28,5.4,1,1,3.63,22911975
202032,01-01-2016,2061,3,2,7.7,35,16.1,1,1,7.2,29095369
202033,01-12-2020,1934,4,4,8.6,9,6.8,1,1,2.94,27445527
202034,01-11-2022,1389,2,1,6.6,23,18.4,0,1,3.78,17611487
202035,01-05-2022,2134,3,3,8.2,15,11.8,1,0,2.74,31658895
202036,01-05-2021,1814,4,3,7.3,39,15.7,0,1,6.34,26187473
202037,01-02-2021,1384,3,3,8,7,5,0,1,3.14,20596540
202038,01-11-2021,1486,2,2,5.2,9,9.1,0,0,2.27,18179516
202039,01-07-2016,768,1,1,9.8,27,1,0,0,4.5,11079499
202040,01-05-2019,1530,4,4,8.3,13,18.1,0,0,3.6,21638941
202041,01-10-2013,1759,4,4,5.4,17,10,1,0,1.76,16987295
202042,01-04-2016,1918,4,4,6.5,9,21.2,0,0,7.4,25711288
202043,01-03-2011,1722,2,2,10,16,3.6,1,0,4.37,20871721
202044,01-12-2013,1893,3,3,3.8,11,14.4,1,0,4.21,18048468
202045,01-05-2019,1749,3,3,6.6,26,9.4,1,1,5.22,20612776
202046,01-09-2016,1727,3,2,5.2,25,21.9,1,0,7.7,18918403
202047,01-05-2016,1891,3,2,9,14,5,1,1,4.07,29032820
202048,01-07-2016,1140,3,3,5.6,9,12.1,0,1,7.37,15281530
202049,01-11-2016,1180,3,2,6.2,24,19.3,1,0,4.27,13097702
202050,01-01-2022,2536,6,5,7,19,9.3,0,0,4.42,36419039
202051,01-01-2022,2110,3,3,7,23,9.4,1,1,3.83,28010534
202052,01-05-2010,1307,2,1,4.9,32,22.8,0,0,6.58,10443739
202053,01-05-2023,1729,3,3,3.6,26,24.8,1,0,6.08,13779601
202054,01-08-2016,2751,6,5,8.9,31,7.9,1,0,5.34,39963920
202055,01-12-2010,1249,1,1,4,17,17,1,0,3.73,10455401
202056,01-12-2016,1982,3,3,6.6,14,10.3,0,1,2.53,25397739
202057,01-02-2015,1282,3,3,10,8,16.7,0,1,2.37,23461411
202058,01-12-2016,1630,4,4,6.7,13,6.5,0,0,2.43,22543106
202059,01-11-2023,1954,4,4,6.1,23,4,0,1,5.24,24748546
202060,01-02-2020,1066,2,1,1.6,20,26.1,0,1,2.89,5993327
202061,01-10-2020,1459,4,5,5.5,26,13.3,0,0,7.84,16197032
202062,01-06-2013,2271,6,6,9.4,4,10.5,0,1,1.68,36629421
202063,01-11-2011,1666,4,2,9,7,4.1,0,1,1.86,23242676
202064,01-08-2014,2238,3,2,10,28,7.1,1,0,1.3,39750608
202065,01-02-2015,2765,6,5,5.5,34,15.3,1,0,5.42,27668546
202066,01-11-2019,1170,2,1,9.3,20,3.3,0,0,3.33,19881695
202067,01-08-2023,2258,4,3,3.1,5,23.5,1,1,3.47,20216833
202068,01-03-2014,2025,3,4,4.9,18,13.6,1,1,3.23,21712660
202069,01-07-2012,2024,3,3,2.7,42,33.4,1,0,7.02,13401808
202070,01-05-2018,731,1,1,5.8,17,20.1,1,0,1.19,7386328
202071,01-04-2020,1904,3,3,3.6,28,22.3,0,0,7.02,17729925
202072,01-07-2019,576,2,1,6.2,13,17.8,1,1,3.48,7262894
202073,01-12-2023,1933,4,3,9.7,32,2.5,0,0,8.29,31928809
202074,01-06-2019,500,1,1,4.9,21,18.3,1,0,3.94,4764652
202075,01-01-2010,1402,3,3,9.5,15,7.7,1,0,0.72,25119095
202076,01-06-2019,500,1,1,6.1,22,20.1,0,1,6.34,5424313
202077,01-03-2013,2156,4,3,5.9,16,17.5,0,0,4.51,26084966
202078,01-04-2023,2136,4,4,7.3,34,13.9,1,1,1.71,28674272
202079,01-05-2011,1568,3,1,7.1,36,20.8,1,1,1.1,23282103
202080,01-04-2011,2925,7,5,7.4,47,12.9,1,0,6.19,38897833
202081,01-02-2020,1047,3,3,5.4,26,11,1,1,4.62,11305837
202082,01-10-2015,1654,4,4,5.6,13,17.2,1,1,4.58,22649361
202083,01-09-2011,3357,6,4,10,19,4.8,1,0,3.47,46172125
202084,01-09-2010,1836,4,3,7.9,8,14.5,1,1,2.97,29247971
202085,01-02-2018,3402,6,5,8,23,1,0,0,6.05,43811871
202086,01-11-2013,1400,2,2,6.9,37,19.4,0,1,0.5,16380177
202087,01-12-2011,2370,5,3,7.9,40,3.4,0,0,5.43,27476768
202088,01-06-2016,2145,5,4,6.2,12,20.9,0,1,6,23976124
202089,01-01-2020,1368,3,2,4.2,25,22.7,1,0,4.32,14391051
202090,01-02-2012,1106,2,2,5.6,34,11.3,0,0,5.32,11326926
202091,01-03-2019,1442,3,4,8.1,66,6.2,0,0,7.86,13046902
202092,01-01-2020,2605,5,4,4.6,21,16.1,0,1,4.99,23984914
202093,01-07-2018,629,1,1,8.2,10,9.7,0,0,3.93,8183713
202094,01-05-2015,2855,6,5,7.2,15,5.9,1,0,5.28,35367193
202095,01-02-2012,1590,3,3,8.3,18,6.5,1,1,9.89,22253886
202096,01-09-2012,2711,6,6,8.8,43,11.4,0,1,0.5,39903828
202097,01-08-2013,1417,3,2,6.6,20,13.3,1,0,4.15,14122297
202098,01-04-2021,1982,3,2,8.9,8,6.3,0,0,0.5,34925870
202099,01-08-2014,1965,3,2,3.9,29,23.8,1,0,3.82,13255835
202100,01-06-2018,1511,2,1,6.7,10,7.7,0,0,5.67,19845721
202101,01-07-2017,1735,4,3,9.3,25,1,1,1,3.84,27701657
202102,01-10-2010,2604,6,4,9.2,56,4.7,1,1,2.56,40098126
202103,01-07-2015,980,3,2,6,18,15.8,0,1,7.19,12447255
202104,01-11-2016,1743,3,3,5.6,12,11.9,0,0,3.63,21796856
202105,01-07-2012,2115,5,6,7,33,12,1,0,3.02,27891168
202106,01-05-2015,1696,3,4,4.7,25,19.4,1,0,3.92,16256730
202107,01-07-2018,1795,3,3,7.1,45,14.4,1,1,3.36,19673601
202108,01-06-2018,3258,6,5,6.9,13,16,1,0,5.83,36725897
202109,01-01-2023,1353,3,2,9.5,24,3.3,0,0,6.34,15991331
202110,01-06-2023,799,1,2,6.2,3,21,1,0,3.94,10878618
202111,01-07-2020,1978,5,4,4,12,21.2,1,1,4.41,20662350
202112,01-04-2023,2494,5,5,7.9,22,8.1,0,1,4.86,34831842
202113,01-08-2014,1556,3,3,4.8,17,23.8,0,1,5.58,15928478
202114,01-05-2023,568,2,1,7.7,35,8.1,1,1,3.15,7707648
202115,01-04-2020,1670,4,3,9.6,47,1,1,0,2.97,24098961
202116,01-05-2013,1717,4,4,10,19,5.9,1,1,5.39,30199997
202117,01-02-2023,887,1,1,7.3,21,2.8,0,1,1.08,11237301
202118,01-06-2013,1849,3,3,9,5,3.6,1,0,1.84,26739151
202119,01-06-2023,1502,2,2,6.6,28,13.2,1,0,4.93,18687581
202120,01-02-2020,2589,5,4,5.7,40,17.7,1,0,1.58,30937417
202121,01-07-2015,3000,7,5,6.2,19,18.1,1,1,5.01,36522298
202122,01-03-2011,1813,3,3,4.7,14,19.9,0,1,2.48,19136587
202123,01-11-2011,1414,2,2,5,24,18.8,0,0,3.58,14616839
202124,01-06-2021,1135,3,3,8.5,8,4.4,1,1,7.89,17084503
202125,01-04-2022,3217,6,5,6.3,17,15.8,0,0,6,44428036
202126,01-05-2014,1564,4,3,10,16,2,1,1,2.82,23157525
202127,01-04-2023,1564,3,2,4.3,2,17.4,1,0,4.31,17818263
202128,01-07-2010,2148,4,3,4.6,36,15.3,1,1,5.01,16391263
202129,01-05-2016,2754,6,5,8.1,26,16.2,0,0,8.06,34984323
202130,01-10-2019,1090,3,4,4.7,25,24.6,0,0,3.94,9759653
202131,01-11-2016,1149,1,1,8.7,12,1,0,0,6.97,15469195
202132,01-11-2011,1825,3,2,7.3,13,9.1,1,1,3.99,24023049
202133,01-07-2012,1925,3,2,7.2,27,5.9,0,1,0.5,25421591
202134,01-06-2011,1887,2,2,3.4,14,20.7,1,1,4.99,16604662
202135,01-02-2018,1429,3,2,6,9,20.9,1,0,3.41,16848278
202136,01-03-2011,1304,4,3,6,14,14.7,1,1,3.81,17801590
202137,01-09-2013,1993,4,3,8.8,22,12.3,1,1,4.31,29405026
202138,01-02-2015,1972,4,3,7.7,5,5.8,0,1,4.97,25043290
202139,01-01-2022,2480,5,4,5.6,10,23.6,1,0,4.08,30778173
202140,01-05-2014,1041,1,1,7.1,45,22.1,1,0,2.56,8354397
202141,01-03-2013,2350,4,4,8.2,11,9.3,0,1,2.31,35650087
202142,01-04-2013,1320,3,2,5,16,2.1,0,1,5.04,19284643
202143,01-04-2014,2784,6,5,7.8,15,2.1,0,0,2.34,40686222
202144,01-03-2018,2714,6,4,7.7,21,3.9,1,1,4.67,36458811
202145,01-12-2011,2061,3,2,8.3,19,13,1,0,1.12,31194854
202146,01-08-2021,1613,3,3,7.1,13,10.9,1,1,1.97,22419963
202147,01-06-2012,1140,2,3,7.5,36,5,1,0,5.62,11962984
202148,01-12-2021,1655,4,4,4.9,10,20.6,1,0,3.55,19141615
202149,01-01-2017,1695,3,3,2.4,17,21.3,1,0,2.88,13472210
202150,01-01-2019,1692,5,4,7.7,3,1.7,0,1,1.26,32163783
202151,01-12-2016,2240,4,3,5.5,21,5.4,0,1,3.91,21464060
202152,01-01-2019,834,3,2,8.2,14,12.6,0,1,2.49,13068440
202153,01-12-2012,2054,3,2,5.5,14,19.5,1,0,6.13,22621628
202154,01-08-2014,2038,5,5,6,8,9.5,1,0,1.51,24057290
202155,01-06-2010,1071,2,2,9.2,25,1,1,0,3.23,12483525
202156,01-06-2012,1866,3,3,6.3,22,11.5,0,0,4.38,22351446
202157,01-01-2012,1836,4,2,6,19,25.5,0,1,5.02,19809177
202158,01-12-2010,917,2,2,5.6,8,17.2,0,1,3.75,10374582
202159,01-05-2021,701,2,2,5.5,9,13,0,0,6.69,8210909
202160,01-07-2014,2090,3,2,5.7,18,11.9,1,0,2.38,24554204
202161,01-05-2014,2537,5,4,10,8,7,1,1,7.02,47605353
202162,01-09-2017,1283,3,3,5.8,25,20,0,0,1.84,13157091
202163,01-01-2021,1388,2,1,7.5,14,4.6,0,0,0.5,19488517
202164,01-06-2011,2422,5,3,4.2,10,16.6,1,0,2.04,21165259
202165,01-11-2012,1938,6,5,6.4,19,13.5,0,0,3.55,21570101
202166,01-05-2013,2918,5,5,6,22,14.1,1,0,5.42,30270935
202167,01-01-2014,2030,4,3,5.5,28,16.3,1,0,8.22,20214215
202168,01-03-2018,2692,5,4,7,20,10.8,1,1,7.29,28110401
202169,01-08-2013,1494,3,2,7.3,38,20,1,0,4.16,15494340
202170,01-10-2011,1859,3,2,8.1,8,6.3,0,1,3.54,27121119
202171,01-12-2013,2131,5,4,10,26,9.1,1,0,2.75,37159905
202172,01-04-2014,1495,3,3,6.5,15,10.7,1,1,6.91,18002368
202173,01-04-2016,1687,2,2,4.2,4,29.3,1,0,5.93,14576051
202174,01-09-2017,1384,3,2,9.6,47,3.2,0,1,3.09,20258518
202175,01-12-2021,2956,6,4,5.3,5,15.6,1,1,3.69,34116551
202176,01-03-2021,1766,5,4,5.7,9,20.8,0,1,1.47,22664986
202177,01-12-2020,2342,4,3,9.9,28,1,1,1,7.6,44130034
202178,01-05-2019,1337,4,4,7.3,9,15.7,0,1,5.97,17903980
202179,01-03-2011,1238,3,3,4.6,34,17.3,1,0,8.2,11258683
202180,01-04-2022,1384,3,2,3.1,23,21.5,1,0,3.51,10457258
202181,01-01-2018,1462,2,2,6.8,8,7.7,1,0,5.62,17307097
202182,01-04-2020,1691,4,3,5.1,17,19.2,0,0,3.42,16507674
202183,01-03-2016,2008,4,3,4.8,40,14.5,0,0,4.42,20162550
202184,01-04-2018,1847,3,3,6.4,8,14,1,1,5.58,24409559
202185,01-01-2014,1363,3,2,3.3,44,20.5,1,1,6.61,8961309
202186,01-10-2020,1582,3,5,5.3,22,17.4,0,0,3.08,17246671
202187,01-03-2013,2604,6,4,6,41,13.5,0,1,1.27,34264116
202188,01-03-2015,1896,5,5,4.1,21,25.1,0,0,6.06,16954740
202189,01-08-2019,1946,4,4,5.7,23,9.1,0,0,3.78,22280555
202190,01-01-2015,2640,6,5,7.3,47,11,1,1,2.63,31636043
202191,01-07-2023,1476,3,2,7.8,18,15.4,1,1,2.42,22740225
202192,01-08-2021,2444,6,4,9.3,16,9.6,1,0,1.9,35383819
202193,01-01-2016,1137,3,3,8.7,15,12.7,1,0,4.29,19153376
202194,01-12-2022,2142,4,3,6.9,5,7.1,0,1,0.5,28682264
202195,01-03-2013,2028,6,5,8.4,15,15.4,1,0,0.93,25337982
202196,01-01-2018,1643,4,3,9.1,36,3.8,0,0,2.38,29717316
202197,01-03-2012,1180,1,1,5.6,24,15.6,1,1,1.87,13350731
202198,01-12-2020,1380,3,2,5.9,8,11.1,0,1,2.09,17504885
202199,01-06-2023,500,2,2,3.9,13,23.9,1,1,8.56,4823822
202200,01-03-2022,1693,4,2,5.8,15,19.3,1,0,5.81,21347737
202201,01-01-2017,1131,2,2,4.1,20,11,0,1,3.69,10726771
202202,01-01-2017,3106,6,4,7.9,19,1,0,1,5.28,42429029
202203,01-02-2017,2874,5,3,4.9,17,21.1,1,1,2.68,30003642
202204,01-09-2019,1627,3,4,5.5,18,13.2,1,0,8.03,21886812
202205,01-06-2012,1857,4,3,6.7,7,16.5,1,1,1.53,24286295
202206,01-04-2012,1793,3,2,6.1,15,15.3,1,1,0.5,15887786
202207,01-01-2023,1188,2,2,4.7,17,17.9,1,0,5.76,10786461
202208,01-03-2016,956,1,2,6.9,12,11,0,1,2.72,12768930
202209,01-10-2018,2289,5,4,6,22,7.8,0,0,3.47,30301414
202210,01-10-2010,783,2,2,9.8,11,1.4,1,0,2.17,13888889
202211,01-08-2016,1957,4,4,7.5,11,13.2,1,1,1.39,30894248
202212,01-05-2021,1230,2,2,6.7,30,15.5,0,1,2.13,13568027
202213,01-04-2020,1585,2,2,9,30,13.2,0,0,2.04,24354643
202214,01-07-2023,1420,3,3,8.6,26,6.4,1,1,2.69,21499733
202215,01-03-2018,2460,5,4,8,16,8,1,0,7.05,33431894
202216,01-09-2015,1292,2,2,5.1,10,18.3,0,1,3.37,12761526
202217,01-02-2022,1926,4,3,6.5,19,1,0,0,4.12,27931530
202218,01-11-2011,1835,2,2,9.3,22,11.7,1,1,4.22,28152366
202219,01-06-2018,1455,3,3,2.6,26,21.7,0,0,3.72,9157737
202220,01-07-2018,2049,4,3,6.3,48,13.2,0,1,5.39,22638027
202221,01-02-2016,3052,7,6,6.3,15,14.4,1,1,6.35,41792588
202222,01-10-2019,2290,4,4,5.5,11,10.3,0,0,5.83,26259226
202223,01-04-2015,1399,2,2,7.3,18,13.5,0,1,4.85,19170376
202224,01-05-2023,1213,2,2,5.8,21,10.1,0,0,2.66,14692466
202225,01-04-2010,2451,6,4,9.7,21,1,0,0,6.34,36708204
202226,01-01-2018,960,3,2,3.5,9,24.4,1,1,0.5,8488123
202227,01-02-2015,2538,5,5,5.9,3,26.5,1,0,7.38,31973697
202228,01-04-2020,1417,3,2,5.4,26,19.3,0,1,2.9,12899424
202229,01-08-2010,1859,4,3,2.6,8,26.4,1,1,5.71,12116362
202230,01-06-2023,1116,3,3,3.4,20,21,1,1,3.52,9546452
202231,01-08-2012,2369,4,4,7.8,21,20.8,1,0,3.14,37764978
202232,01-01-2016,1688,3,2,4,22,27.7,0,0,4.88,16736579
202233,01-06-2019,2956,7,4,6.3,11,11,1,0,1.91,40501496
202234,01-06-2020,1453,4,3,5.2,21,16.1,1,0,1.15,15667139
202235,01-02-2023,2009,4,3,4.8,9,12.1,0,1,4.1,23379905
202236,01-11-2013,2127,4,4,10,17,4.3,0,1,7.21,35246814
202237,01-08-2017,3138,6,4,6.8,31,3.9,0,0,4.11,46743005
202238,01-08-2016,1790,2,2,6.6,13,9.4,1,1,5.83,20814589
202239,01-08-2010,3012,6,4,10,21,4,1,1,0.5,44551119
202240,01-07-2017,2001,4,3,9.3,18,1,1,1,8.03,25280354
202241,01-02-2018,2650,5,4,8.3,10,4.6,1,0,4.26,47238485
202242,01-04-2023,1840,4,3,6.1,10,18.2,1,1,2.31,20693346
202243,01-06-2014,1278,1,1,6.3,35,18.4,0,1,0.66,14105094
202244,01-01-2017,2688,5,5,8.9,48,1.8,0,1,8.35,31902777
202245,01-03-2012,833,2,1,5.6,28,14.1,1,1,4.12,9225711
202246,01-09-2018,2297,4,3,6.9,10,10.9,0,1,4.9,35846417
202247,01-03-2011,1099,1,2,5.9,19,13.9,1,0,4.55,12024304
202248,01-04-2012,1468,3,4,5.7,30,14.1,1,1,4.71,13714572
202249,01-09-2010,1963,5,4,3.4,7,16,0,0,1.47,18641365
202250,01-09-2015,1221,2,2,9.6,23,10.9,1,1,3.39,16042585
202251,01-08-2019,2854,5,3,6.3,30,13.7,1,1,1.74,35645912
202252,01-09-2019,2095,5,4,6.8,20,7.9,0,1,2.05,27195089
202253,01-09-2014,3004,6,5,5.8,16,15.8,0,1,1.13,36991312
202254,01-04-2013,648,2,2,5.1,41,20.5,0,1,0.5,5793703
202255,01-10-2011,1772,3,2,7.3,5,13.9,1,0,2.51,22759832
202256,01-02-2023,2057,5,4,8.4,53,18.9,0,1,2.06,25702066
202257,01-06-2014,2426,5,4,6.6,16,7.8,1,1,10.4,32233840
202258,01-11-2010,500,1,2,8.2,18,5.6,0,1,2.18,6699898
202259,01-04-2013,1524,3,2,5,11,11.5,1,0,4.8,17892256
202260,01-05-2019,1771,3,4,5.9,7,7.9,1,0,3.31,22565890
202261,01-07-2018,1334,3,3,7.7,11,16.1,0,0,4.27,21296929
202262,01-09-2022,1242,2,1,7.2,19,11.9,1,0,6.99,19077525
202263,01-08-2022,1592,3,3,6.3,12,13.1,0,0,0.97,19075926
202264,01-11-2011,2340,4,3,4.6,23,23.3,0,1,7.49,18822443
202265,01-10-2012,976,1,2,8.1,19,6.8,0,0,9.52,13713377
202266,01-12-2010,810,2,3,7.7,36,2.7,0,1,2.47,9178699
202267,01-12-2015,861,2,2,6.5,13,12.3,0,1,3.78,10228322
202268,01-03-2017,1186,2,2,8.8,20,2.9,0,0,8.1,19037114
202269,01-11-2015,1769,4,4,6.8,30,5.2,1,1,1.51,19653416
202270,01-08-2020,1593,2,1,3.9,22,28.9,1,1,3.74,12962704
202271,01-11-2012,1139,1,1,6,27,16,1,1,2.18,11813980
202272,01-08-2019,1860,3,3,6.1,12,17.3,1,1,6.6,22459546
202273,01-02-2011,953,1,1,4.3,25,27.5,1,1,3.93,7350541
202274,01-01-2017,1478,2,2,9.3,43,6.2,0,0,0.5,21254318
202275,01-05-2016,1405,1,1,2.5,11,27.1,1,1,5.55,9171163
202276,01-01-2014,1861,5,5,6,14,12.3,0,0,2.99,19874250
202277,01-11-2016,1123,2,2,8.6,36,1,1,1,6.17,17080887
202278,01-01-2023,2275,6,5,6.3,31,17.3,0,0,4.18,28064734
202279,01-11-2023,1829,3,2,8.5,24,14.7,0,0,5.03,28870714
202280,01-12-2020,834,1,1,6.7,13,10.4,0,1,4.53,8526556
202281,01-06-2021,2151,5,4,9,37,5.5,1,0,8.06,33041597
202282,01-03-2023,2385,4,4,4.9,9,8.7,1,0,0.62,24730185
202283,01-08-2013,1613,3,2,7.8,7,3.8,1,1,2.05,24158605
202284,01-02-2017,1522,3,3,6.3,53,21.4,0,1,3.84,16287029
202285,01-04-2023,1409,4,4,7.7,20,7.2,1,1,4.67,20364603
202286,01-10-2022,1253,1,1,6,29,10.5,1,1,1.81,15759707
202287,01-03-2012,1146,2,1,9.8,4,3.3,1,0,4.8,18493862
202288,01-02-2016,1633,3,3,6,24,9.1,0,0,2.73,19762058
202289,01-07-2012,1013,2,2,7.3,41,4.8,0,0,2.41,11470260
202290,01-06-2016,1218,2,2,5.1,16,8.8,1,1,3.34,12760978
202291,01-02-2015,1557,3,3,3.4,29,21.9,0,1,5.45,10157117
202292,01-03-2012,2008,4,3,4.3,16,15.8,0,1,5.91,19267893
202293,01-07-2014,2208,5,4,6.2,24,11.3,1,1,7.16,29424842
202294,01-02-2017,2358,4,3,5.4,24,19.4,0,0,6.35,25729205
202295,01-05-2013,2269,6,4,5.2,25,26.4,1,0,3.68,25406099
202296,01-02-2023,2150,4,4,4.3,35,15.9,1,0,2.72,21573427
202297,01-12-2013,3058,6,5,3.9,15,13.2,0,0,3.87,26943650
202298,01-08-2017,2100,5,4,5,12,10.9,1,1,4.93,23719562
202299,01-08-2021,2057,3,2,8.2,11,13.9,1,1,3.47,32264606
202300,01-02-2023,1634,2,2,7.5,19,5.3,1,0,0.5,24137604
202301,01-02-2016,1163,3,3,6.7,26,14.9,0,0,7.3,13338661
202302,01-04-2023,1291,2,2,7.5,18,18,1,1,4.78,18618923
202303,01-10-2020,1533,2,2,6.4,30,13.1,0,0,1.66,18755427
202304,01-12-2010,1729,3,4,4.5,33,17.4,0,1,5.34,15986988
202305,01-09-2010,2071,4,4,5.4,28,18,1,1,5.21,22873895
202306,01-10-2017,1445,4,4,10,28,12.8,0,0,0.5,23974532
202307,01-06-2012,1916,5,5,6.2,15,10.7,0,0,4.94,23154095
202308,01-12-2021,1524,3,2,7.6,28,10.3,0,0,5.06,17855104
202309,01-01-2016,1402,4,4,4.4,19,16.1,1,0,5.85,12666108
202310,01-12-2010,2673,5,4,9,23,5.3,0,0,3.17,41130337
202311,01-04-2010,609,1,2,2.7,26,17.1,1,1,4.11,3509431
202312,01-03-2019,1128,2,2,2.9,25,30.2,0,1,5.23,7157679
202313,01-03-2014,500,1,2,7.1,33,14.9,1,0,4.81,4239334
202314,01-02-2021,1683,3,2,6.1,22,16.1,0,0,1.85,20438703
202315,01-06-2019,2266,4,3,5.8,9,19.2,1,0,1.79,25721123
202316,01-05-2017,1509,2,2,9.7,28,7.6,1,0,2.17,21129175
202317,01-04-2018,1920,4,3,7.1,29,18.1,0,0,2.88,22836262
202318,01-10-2010,1581,3,2,5.6,36,12.9,0,0,4.28,17166680
202319,01-08-2012,1914,3,3,4.8,26,16.7,0,1,3.76,17677469
202320,01-12-2011,2082,4,3,6.8,11,11.2,1,0,8,23511740
202321,01-06-2014,2836,6,5,6.3,24,14.7,1,0,3.92,32480306
202322,01-05-2015,825,3,4,10,32,1,1,0,7.38,13484276
202323,01-11-2019,701,1,2,4.5,32,33.2,0,1,6.3,4560796
202324,01-04-2019,1341,3,2,4.7,38,13.7,0,0,2.03,10579283
202325,01-07-2011,1019,1,1,6,11,14,1,1,7.85,12141239
202326,01-02-2022,1212,2,2,7.3,17,18.4,0,1,6.69,15812832
202327,01-05-2010,1542,3,3,7.8,14,8,1,1,7.31,16276556
202328,01-11-2015,1577,2,2,7.4,53,15.2,0,0,4.53,19363000
202329,01-08-2020,2060,4,3,6.8,27,18.6,0,1,1.64,23056653
202330,01-12-2010,1447,3,4,5.3,10,6.3,1,0,3.26,14670344
202331,01-08-2016,1831,4,3,6,45,9.8,1,0,3.75,19811786
202332,01-05-2020,1760,3,2,3.4,4,22.7,1,0,4.28,17252959
202333,01-04-2016,1784,3,4,10,8,1,0,1,4.01,27829191
202334,01-11-2015,1505,3,4,5.5,19,22.3,0,0,5.57,16430056
202335,01-12-2021,1386,2,2,5.9,46,21.2,0,1,2.53,17114000
202336,01-01-2016,516,1,1,7.4,41,14.8,1,1,10.74,4459373
202337,01-09-2020,1686,4,4,6.4,36,10.6,1,1,3.73,22456868
202338,01-01-2011,1821,4,4,10,23,1.3,1,0,5.9,31437466
202339,01-03-2021,1305,2,2,10,12,7.3,0,0,5.76,23513933
202340,01-09-2023,2476,5,4,5.4,15,6.7,1,1,4.69,33362471
202341,01-08-2018,974,2,2,4.6,14,13.6,1,0,2.88,9187933
202342,01-04-2019,2593,6,4,6.4,40,17.5,1,1,8.45,32037113
202343,01-04-2015,1321,2,3,6.3,15,14,0,1,3.54,15399412
202344,01-12-2019,2203,3,3,4.2,18,11.5,1,1,5.33,19281127
202345,01-09-2017,1807,5,4,7.9,23,11.6,1,1,2.75,25076076
202346,01-12-2022,2403,4,3,5.6,19,19.4,0,0,5.4,25112913
202347,01-09-2013,1185,2,2,9.6,20,2.6,0,1,5.92,18660939
202348,01-04-2015,2157,4,3,3.3,14,12,1,1,2.78,19400928
202349,01-07-2020,1964,4,4,7.6,27,4.6,0,0,6.42,26946718
202350,01-02-2023,2859,6,5,7.6,19,10,1,0,4.24,39372304
202351,01-05-2018,1791,4,3,5.7,15,13.5,1,1,0.99,21483690
202352,01-07-2021,788,1,2,8.6,19,1,0,0,2.55,10916630
202353,01-04-2017,2002,3,3,5.1,32,13.3,0,0,1.61,23757958
202354,01-03-2010,2504,4,4,4.6,25,15.9,1,0,1.44,22606406
202355,01-03-2015,2407,6,5,4.6,13,20.5,1,1,5.3,23379642
202356,01-03-2010,1503,3,2,6.1,20,6.4,1,1,5.38,17036792
202357,01-11-2022,1157,1,1,9.2,12,1,0,1,3.23,17687149
202358,01-02-2019,1175,2,3,5.5,17,21.3,0,1,1.56,11098387
202359,01-04-2019,1982,4,3,6.2,8,6.1,1,0,4.13,21286550
202360,01-10-2014,1486,4,4,6.3,31,1.7,0,0,5.95,16215655
202361,01-03-2016,1613,3,2,5.8,36,7.3,0,0,4.56,16811608
202362,01-09-2018,1253,4,4,7.9,20,6.2,0,1,1.54,17381981
202363,01-01-2011,500,1,1,9.7,32,1,1,1,5.78,6630325
202364,01-06-2022,1778,3,3,3.1,22,21.1,1,1,6.46,14863257
202365,01-01-2021,1395,3,3,7,37,10.1,1,0,4.6,16179785
202366,01-04-2020,1256,1,1,3.5,25,14.5,0,0,0.5,10406815
202367,01-08-2023,500,1,2,2.9,17,26.6,0,1,4.29,4019501
202368,01-12-2018,840,2,2,8.2,40,3.4,0,1,4.28,10781084
202369,01-07-2015,1443,3,3,10,9,9.2,1,0,2.52,29006167
202370,01-10-2018,2182,3,2,6.1,25,8.5,1,1,1.08,25675941
202371,01-04-2011,2115,2,2,5.6,12,14.5,0,0,5.72,24613606
202372,01-06-2022,1680,3,3,6.6,8,18.7,1,1,5.65,20804350
202373,01-02-2020,2604,6,5,5.2,45,14,1,0,2.98,25730284
202374,01-02-2020,1261,3,3,8.7,13,10.3,1,0,6.06,18441734
202375,01-01-2012,1791,3,3,5.9,33,20,1,0,1.74,21668626
202376,01-06-2011,1658,4,2,5.9,26,6.8,1,0,2.31,19815409
202377,01-10-2013,982,1,2,5.4,8,10.5,1,1,0.5,10865152
202378,01-02-2020,1870,4,4,6.9,14,11.2,1,0,3.3,25302780
202379,01-11-2021,1528,3,2,10,43,1,0,0,3.41,24304738
202380,01-10-2022,1525,5,4,8.2,23,7.8,0,0,6.62,20078981
202381,01-04-2017,1982,5,3,8.4,29,9.4,1,1,4.49,31850516
202382,01-02-2019,2368,5,4,2.6,12,22,1,0,4.86,20096327
202383,01-08-2019,1056,2,3,8.3,7,4.8,0,0,0.79,15589264
202384,01-12-2013,1433,3,2,5.6,13,15.8,0,1,3.18,18882416
202385,01-06-2021,2266,5,4,7.9,41,6.8,0,1,4.29,25415500
202386,01-05-2019,2018,4,4,7.9,9,8.7,0,0,6.22,31870967
202387,01-04-2014,1356,3,3,3.7,10,15.9,1,0,3.47,11304285
202388,01-03-2018,1323,2,2,6.8,24,19.7,1,0,5.21,15611476
202389,01-01-2018,1555,3,3,6.3,37,20.4,1,0,6.04,16220737
202390,01-06-2015,1643,2,1,7.7,19,13.5,1,1,2.87,18533640
202391,01-06-2012,2562,5,5,3.8,39,19.2,1,0,3.34,19943872
202392,01-09-2013,2319,5,4,9.8,25,7.5,0,1,0.78,45090830
202393,01-07-2020,2542,6,5,7.5,14,12.1,1,0,2.66,34099123
202394,01-09-2012,1135,2,2,6.8,34,10.6,0,1,3.67,12707248
202395,01-08-2010,1576,3,2,10,13,10.1,1,0,4.1,25522427
202396,01-03-2017,1309,1,1,5.2,34,25.3,1,0,7.81,11587481
202397,01-01-2013,1395,2,2,6.4,18,1,0,0,4.79,13284653
202398,01-02-2014,1588,3,3,5.8,29,18.3,0,1,5.55,15065371
202399,01-04-2013,2011,3,3,6.2,15,15.1,0,1,5.59,26736397
202400,01-02-2023,2257,5,5,4.9,17,19.3,0,0,4.25,22037484
202401,01-12-2016,1198,3,2,5.8,24,11.4,1,1,0.5,14481084
202402,01-10-2017,1130,2,2,7.7,53,12.2,0,1,5.38,13205523
202403,01-05-2010,1910,3,2,5.7,15,13.2,1,1,5.1,21381599
202404,01-07-2010,2076,2,2,6.4,5,5.4,1,0,4.3,26866339
202405,01-11-2016,1576,2,2,5.1,12,15.5,0,1,3.34,17235641
202406,01-01-2019,1303,2,3,6.5,5,23.3,1,0,2.79,17057587
202407,01-11-2012,1452,3,3,7,12,11.2,1,0,5.33,14724324
202408,01-05-2012,1350,3,2,6,31,12.3,1,0,4.38,14537430
202409,01-12-2022,1092,3,2,5.4,29,10,0,0,2.1,11833261
202410,01-02-2011,2402,6,5,6.9,17,18.3,0,0,0.81,33368327
202411,01-07-2013,2506,5,4,8.3,32,10.8,1,0,5.41,31267946
202412,01-12-2013,2026,7,6,9.6,12,2.9,0,0,2.41,38325112
202413,01-09-2011,1456,3,3,6,11,22.4,0,1,2.63,14486960
202414,01-12-2021,1869,4,3,7.8,21,10.1,0,1,5.21,22051781
202415,01-03-2011,1574,4,3,7.4,18,13.8,0,0,1.34,22084194
202416,01-04-2021,1941,4,3,3.5,35,18.4,1,1,0.96,16042448
202417,01-07-2019,2310,5,3,5.5,13,24.8,1,1,4.29,25299164
202418,01-12-2012,1785,4,2,6.8,41,6.2,1,0,2.16,20706082
202419,01-09-2019,500,1,1,4.7,13,23.5,0,1,6.66,4540891
202420,01-10-2012,1701,4,3,3.2,20,19.7,1,0,2.53,11534192
202421,01-06-2011,2244,4,3,6.2,16,7.7,0,0,1.85,23077176
202422,01-01-2022,1552,3,3,7.1,14,14.4,0,0,5.84,23252710
202423,01-07-2016,1960,4,3,6.8,16,7.2,0,0,4.89,29902250
202424,01-03-2012,583,1,1,10,15,1,0,0,5.1,8506279
202425,01-02-2015,1341,2,1,5.3,27,19.1,1,1,6.33,14175372
202426,01-10-2018,1086,2,2,5.7,30,20.1,0,1,5.14,10952222
202427,01-03-2012,1501,2,1,8,20,19.1,0,0,4.76,18898143
202428,01-03-2011,1515,3,3,4.1,23,17.9,1,0,2.42,13229949
202429,01-07-2010,1766,2,2,5.6,36,16.4,1,0,5.3,17698198
202430,01-11-2022,2478,5,4,7.5,6,1,1,1,3.21,36342322
202431,01-12-2022,1777,4,3,7.6,20,9.7,0,1,9.08,21326439
202432,01-07-2018,1332,3,2,6.1,15,6,1,0,7.98,13905045
202433,01-08-2011,1310,4,3,6.8,36,9.7,0,0,7.45,15088849
202434,01-11-2021,2045,4,3,10,69,2.8,1,0,3.17,28031628
202435,01-02-2023,994,1,1,8.4,25,10.2,0,1,3.79,13582386
202436,01-09-2016,2179,3,3,2.5,14,25.3,0,0,1.04,13869510
202437,01-05-2011,2106,5,3,4.8,31,20.7,1,1,5.18,19607871
202438,01-10-2023,1596,3,3,8.1,13,3.6,0,0,4,27699807
202439,01-01-2020,2294,4,3,7.2,63,1,0,0,3.93,24964884
202440,01-09-2010,1222,2,3,6.9,17,19.4,0,1,2.96,13875638
202441,01-03-2015,1994,4,4,5.6,48,14.1,1,0,0.5,21776180
202442,01-05-2019,1877,3,3,9.7,22,7.7,0,0,4.48,27500618
202443,01-09-2016,2111,4,3,8.1,14,4.5,1,1,4.46,31898094
202444,01-08-2012,1899,4,3,8.1,43,5.6,1,0,5.56,27236933
202445,01-11-2012,1420,3,3,10,14,1.3,1,0,2.63,24440894
202446,01-03-2016,1070,2,2,5.8,14,12.7,0,1,5.87,11277062
202447,01-11-2017,2040,4,3,2.8,18,25,0,0,8.74,17087490
202448,01-07-2023,2255,4,3,6.2,17,12,0,1,7.42,28100594
202449,01-04-2019,759,1,1,7.8,8,7.9,1,0,2.91,10703378
202450,01-12-2017,2348,5,3,1,45,27.2,0,0,1.22,11775447
202451,01-06-2015,2167,4,3,7.6,15,8.9,1,0,4.27,31574695
202452,01-05-2017,779,2,3,6.2,20,11.8,0,1,5.79,9382351
202453,01-03-2019,1904,5,3,5.6,21,21.9,0,1,2.65,22148940
202454,01-07-2012,1789,3,3,6,32,15,1,0,6.46,20600723
202455,01-11-2018,1810,3,2,3.5,31,31,1,1,9.56,12805172
202456,01-10-2023,1301,3,2,6.8,14,13.1,1,0,5.64,16389452
202457,01-01-2018,2648,6,5,5.7,12,10.5,1,0,6.17,37502516
202458,01-07-2012,2239,4,3,8.3,29,2.5,0,0,4.42,31333317
202459,01-07-2013,2942,6,4,5.4,8,15.5,1,1,3.15,34954221
202460,01-01-2021,1398,2,3,5.6,11,9.6,0,0,1.13,14450535
202461,01-12-2014,1391,3,3,4.6,20,15.8,1,1,3.61,12586636
202462,01-09-2019,1863,3,3,7.7,19,5.3,0,0,3.08,22711091
202463,01-04-2019,1439,3,2,3.7,26,26.5,1,0,2.71,10982381
202464,01-01-2021,2142,4,3,1.8,22,26.2,0,0,7.69,13762872
202465,01-03-2011,835,1,2,5.6,10,14.2,1,0,6.6,10109743
202466,01-09-2022,1264,4,3,7.8,36,7.1,0,0,3.76,16917031
202467,01-03-2017,1592,3,3,8.7,29,2.3,1,1,3.38,21908706
202468,01-06-2020,1636,2,1,4.3,19,14.8,1,0,4.36,14236918
202469,01-09-2014,2003,3,3,6.6,19,12,0,1,4.18,21787493
202470,01-08-2015,3379,7,6,5.1,17,23,0,1,3.49,32768874
202471,01-11-2019,1672,4,4,6,4,17,1,1,4.22,18070299
202472,01-08-2018,1301,3,3,7.3,13,8.6,0,0,5.96,14915301
202473,01-01-2017,937,2,2,6,51,14.6,0,0,4.42,7521698
202474,01-11-2018,1173,2,1,6,35,17,1,1,7.12,12618084
202475,01-06-2023,1112,3,3,5.6,5,8.2,1,1,5.02,15132745
202476,01-08-2023,3145,5,3,6.8,14,12.2,0,0,4.84,39440949
202477,01-05-2019,1575,3,2,8.9,44,2.4,1,0,3.64,21346358
202478,01-08-2010,949,1,1,4.3,30,14.2,0,0,6.69,7978460
202479,01-03-2021,1982,5,4,6.6,13,16.2,1,1,5.67,21625619
202480,01-04-2020,2312,6,5,5.9,41,16.9,1,0,3.93,27260074
202481,01-10-2020,1554,3,2,10,17,7.3,1,0,2.82,29781431
202482,01-11-2016,1033,2,1,4.9,26,12.1,0,1,5.18,9368122
202483,01-07-2010,2468,4,4,8.3,22,8.9,1,0,2.97,34002349
202484,01-01-2018,1479,3,3,3.7,23,23.7,1,0,5.65,11833085
202485,01-07-2020,1880,5,5,3.8,13,15.8,0,1,4.38,15089755
202486,01-03-2019,2642,6,5,5.9,9,14.9,1,1,7.16,26092217
202487,01-11-2020,500,1,1,7.8,15,8,1,1,2.4,6746006
202488,01-05-2014,2129,5,5,7.4,8,17.8,1,0,6.93,34835096
202489,01-06-2016,2047,5,4,9.3,8,2.7,1,0,2.39,32395343
202490,01-08-2014,1123,2,2,6.1,17,9.2,1,0,2.77,13602400
202491,01-04-2019,1804,3,3,4.5,24,19.9,1,1,7.39,15449086
202492,01-12-2011,2397,4,3,6.5,32,8.5,0,0,4.59,24136750
202493,01-04-2018,1928,4,4,6.1,24,16.8,1,1,4.67,22392042
202494,01-02-2013,1694,4,4,6.4,23,17.5,1,0,1.3,19422461
202495,01-09-2023,1521,4,4,5,35,19.5,0,1,3.13,16591774
202496,01-03-2011,2118,4,2,3.6,20,23.5,1,1,2.25,19228118
202497,01-07-2018,1631,4,3,8,15,6.5,0,1,4.08,24904147
202498,01-11-2019,2131,5,5,5.6,6,20.5,1,0,7.69,23321363
202499,01-05-2022,813,3,3,6.9,13,12.6,0,0,3.83,11772955
202500,01-09-2022,2133,5,3,7.6,10,13.7,0,1,0.86,26126161
202501,01-05-2017,2485,5,4,6.2,32,8.6,0,0,3.42,29265914
202502,01-07-2022,2574,6,5,6.3,35,12.2,1,0,0.5,26072375
202503,01-01-2012,1347,2,1,6.1,20,1,0,1,7.15,12434093
202504,01-02-2023,1440,3,2,5.1,34,4.9,0,0,3.84,15044708
202505,01-09-2018,2204,5,4,5.3,28,25.2,0,1,3.96,24562147
202506,01-03-2018,750,1,2,7,32,13.3,0,1,4.74,8675442
202507,01-08-2016,2147,4,3,9.7,13,1,0,1,8.76,36084944
202508,01-01-2016,1700,5,3,7.3,13,6.5,1,1,5.76,21138236
202509,01-12-2022,1469,3,2,6.1,20,8.9,0,1,3.55,16311042
202510,01-01-2015,2096,5,4,6.6,22,22.3,0,1,3.56,24569746
202511,01-04-2019,1502,3,2,6.9,19,11.8,1,1,3.28,18196671
202512,01-08-2012,1180,2,2,6.9,14,7.1,1,0,1.39,15320747
202513,01-04-2012,1580,3,2,7,27,15.6,1,0,0.63,22239348
202514,01-06-2014,2578,4,3,3.6,17,23.1,0,1,7.7,21148969
202515,01-03-2017,2296,6,6,7.9,31,15.4,1,1,5.57,29557793
202516,01-12-2018,1811,3,2,3.8,6,20.8,0,1,4.08,15457977
202517,01-08-2022,1225,3,2,7,13,13.9,1,0,4.74,15076650
202518,01-11-2023,1587,3,3,7.2,50,9.9,0,0,0.5,23180760
202519,01-10-2023,1518,2,2,6.6,33,14,1,1,2.61,19902526
202520,01-11-2020,584,1,3,2.7,23,17.8,1,0,4.77,4007435
202521,01-10-2022,1367,2,2,7.8,15,4,1,0,4.81,18953336
202522,01-10-2015,988,2,2,6.9,7,11.7,1,1,3.06,11987193
202523,01-12-2016,2225,4,4,9.3,47,8.8,0,0,3.95,35349946
202524,01-03-2021,2335,4,3,6.4,18,25.1,1,0,6.04,31316576
202525,01-11-2012,2470,5,5,7.3,13,11.7,1,0,7.94,33246938
202526,01-10-2013,1150,2,2,3.5,26,20.8,1,1,5.25,8867374
202527,01-06-2018,1831,2,2,6.1,28,18,1,0,7.75,21254773
202528,01-08-2023,500,1,1,5.8,15,7.3,1,0,1.51,6533649
202529,01-01-2022,1458,3,1,5.3,30,13,1,0,3.28,15132548
202530,01-07-2012,2100,4,3,6,21,21.9,0,1,3.77,27723559
202531,01-01-2023,534,1,1,1.9,22,24.3,0,1,1.82,3135626
202532,01-06-2013,824,2,2,7.9,24,11,0,1,5.5,10099136
202533,01-05-2013,1837,4,4,7,8,9.9,0,1,2.49,24482131
202534,01-12-2016,1571,2,2,4.4,18,20.5,0,0,3.17,12679915
202535,01-11-2014,584,2,2,6.9,38,22.6,1,0,3.28,6561767
202536,01-06-2011,1399,2,2,6,18,9.6,0,1,1.51,17997693
202537,01-02-2021,1249,2,3,6.5,27,14.6,0,1,8.02,15775510
202538,01-03-2010,1566,3,3,8.7,13,4.3,0,0,3.76,22658129
202539,01-10-2017,2157,5,3,8.3,20,10,1,0,5.76,31835221
202540,01-01-2017,1134,2,2,4.9,36,17.7,1,1,4.29,11178931
202541,01-12-2020,2071,4,3,6.3,38,20.5,1,0,2.6,25912542
202542,01-11-2019,1523,3,2,6.2,3,17.8,1,1,4.57,20085484
202543,01-12-2023,1116,2,1,4.5,12,12.4,1,1,3.38,11354828
202544,01-07-2021,2141,3,2,5.9,15,16.6,1,1,4.23,23687709
202545,01-04-2016,1513,4,4,4.7,14,20.9,0,1,8.16,15380417
202546,01-10-2016,1207,1,1,8.8,67,7.6,0,0,1.7,14104887
202547,01-12-2013,885,2,2,6.4,22,12.5,0,1,0.5,7989845
202548,01-02-2018,2229,5,4,10,17,1,1,0,2.89,39550999
202549,01-10-2020,1936,3,3,7.9,25,9.3,0,1,3.46,29710109
202550,01-02-2013,1948,4,3,6,14,16.2,0,0,1.76,20789914
202551,01-06-2012,1624,4,4,5.6,16,21,1,0,3.53,17514161
202552,01-02-2012,2212,4,5,9,26,4.6,1,1,4.93,31839943
202553,01-07-2017,1282,2,2,7.4,14,4.8,0,1,3.38,19035863
202554,01-11-2023,2710,6,5,10,23,3.2,1,1,2.68,44543595
202555,01-06-2012,500,2,2,5.7,32,16.5,0,1,4.97,4698440
202556,01-11-2016,1990,5,4,6.9,17,11.8,1,0,6.14,26797438
202557,01-07-2014,735,1,1,7.1,4,2.8,0,0,7.17,8695591
202558,01-07-2022,1704,3,2,5.2,6,15,1,0,3.17,18008821
202559,01-10-2019,1609,3,4,7.4,20,8.5,0,1,4.07,19890920
202560,01-09-2011,500,1,2,6.4,14,5.5,0,0,8.07,5284123
202561,01-12-2010,1822,3,3,7.8,18,8.3,1,0,5.12,21640958
202562,01-09-2013,1611,3,3,7.2,49,5.1,1,1,5.89,17715395
202563,01-05-2014,1480,2,2,9.6,13,1.8,0,1,3.08,24175429
202564,01-08-2017,1252,1,1,5.1,1,20.2,1,1,7.13,14954580
202565,01-10-2014,1114,3,2,7.5,11,15,1,1,1.41,14170110
202566,01-12-2019,1379,3,2,6,27,17.1,1,0,2.39,19804975
202567,01-03-2013,1446,2,2,6.2,13,15.8,1,1,6.46,13818384
202568,01-07-2022,1450,4,4,5.4,25,7.1,0,1,5.89,17125532
202569,01-07-2013,1357,2,3,6,25,9.6,1,0,5.22,16989108
202570,01-05-2017,2345,4,4,8.1,26,8.9,1,0,1.68,31179702
202571,01-10-2021,2713,5,4,5.2,21,25,1,1,6.06,32739395
202572,01-07-2021,1209,2,3,10,17,4.3,1,1,0.5,19673014
202573,01-12-2010,1393,3,3,7.9,38,2.6,1,0,4.09,23179238
202574,01-01-2021,1410,3,2,6.8,29,7.6,0,0,7.75,16057383
202575,01-03-2010,2131,4,4,6.6,48,10.8,1,0,5.78,26918626
202576,01-06-2016,2492,4,4,7.9,18,15.2,1,0,6.13,30026522
202577,01-01-2014,1641,4,3,6.5,8,17.2,1,0,3.28,23188068
202578,01-07-2013,956,3,2,7.1,29,11.7,1,0,3.91,12484295
202579,01-10-2020,2520,6,4,4.3,29,16.2,1,1,5.34,27222777
202580,01-01-2021,2251,4,4,6.2,24,8.2,0,1,2.57,25926661
202581,01-03-2014,731,2,3,3.9,5,16.9,1,0,5.42,7375063
202582,01-02-2018,2524,5,4,4.9,22,13.5,0,1,8.66,20410273
202583,01-11-2021,1761,5,4,3.6,36,16.2,1,1,6.86,12060114
202584,01-02-2013,2017,3,1,5.3,18,15.2,0,0,4.25,20050722
202585,01-11-2018,1787,4,3,5.3,49,16.3,0,0,8.42,16039737
202586,01-09-2013,2154,5,4,7.1,29,7.9,0,1,5.22,28715948
202587,01-05-2022,2639,5,5,7,32,20.6,0,1,5.29,25921365
202588,01-04-2012,1570,2,1,5.8,24,12.1,1,1,3.54,15077131
202589,01-08-2011,1888,4,3,3.5,10,17.4,0,1,5.18,18509463
202590,01-10-2016,1625,4,3,3.4,29,12.5,1,1,7.24,14464425
202591,01-12-2019,2475,5,4,8.8,10,6.5,1,1,7.57,33815877
202592,01-10-2023,1723,5,4,7.2,7,22.4,1,0,4.33,26628243
202593,01-11-2021,2250,4,2,3.4,7,18.8,1,1,4.48,18829284
202594,01-07-2023,2350,4,3,7.7,32,12.5,1,0,5.69,29929830
202595,01-01-2017,806,1,2,8.8,6,12.3,1,1,3.79,14065569
202596,01-12-2016,2013,4,3,8.5,53,15.8,0,1,4.64,30883882
202597,01-06-2012,1102,3,2,6.8,27,18.4,1,1,3.86,12685877
202598,01-08-2023,526,2,2,5.9,23,8.6,1,1,1.22,7065529
202599,01-07-2014,644,1,1,7.6,18,12.6,1,1,4.49,8476723
202600,01-09-2021,1423,3,3,8.9,35,12.9,0,1,3.88,21088492
202601,01-08-2022,2550,6,6,7.9,43,12.9,1,0,7.29,33947939
202602,01-03-2011,3190,7,6,4.4,51,16.2,1,1,0.62,28852558
202603,01-01-2015,1265,3,3,5,16,15.3,1,0,5.07,10247478
202604,01-10-2018,1343,2,2,7,10,10.2,1,1,2.51,21023303
202605,01-01-2022,1778,4,3,6.1,19,6.6,1,0,3.07,21214863
202606,01-11-2018,2127,3,3,6.9,17,12.1,0,0,4.2,26108240
202607,01-09-2015,1689,5,4,8.2,27,17.8,0,0,4.53,22069005
202608,01-08-2018,1465,2,2,7.5,9,13.1,1,0,6.12,17625762
202609,01-11-2019,1213,2,1,5.8,17,17.4,1,0,4.28,11168209
202610,01-04-2020,500,1,3,8.1,7,5.4,0,0,2.29,8197731
202611,01-12-2012,1906,3,3,8.9,25,1,0,0,3.59,29201913
202612,01-06-2013,500,2,2,4.5,23,16.7,1,1,7.84,4387058
202613,01-07-2021,2532,4,3,6.8,46,14.2,1,0,7.95,29229213
202614,01-05-2014,1718,3,2,6.6,11,8.4,0,1,3.43,19908464
202615,01-10-2017,1462,3,3,3.8,11,20.6,1,1,0.5,16524498
202616,01-10-2014,843,2,2,8.1,10,9.4,1,1,1.98,11657663
202617,01-08-2016,1863,3,3,3.2,17,29.5,1,0,1.25,16274171
202618,01-03-2015,2034,4,4,8.4,30,9.1,0,1,2.87,33165128
202619,01-07-2022,2186,4,2,10,23,12.5,0,0,6.64,25210777
202620,01-04-2014,1087,2,3,6.3,7,16.3,1,1,3.48,12363035
202621,01-10-2021,1476,2,2,8.2,5,2.6,0,0,2.6,23214547
202622,01-11-2014,2360,4,3,6.6,17,13.9,1,0,3.4,25241668
202623,01-03-2021,2827,5,4,4.6,19,20.7,0,0,3.99,27748292
202624,01-07-2014,1476,3,4,3.6,47,17.6,0,0,0.5,11984294
202625,01-03-2019,1014,1,1,6.8,33,13.7,1,1,3.25,13382374
202626,01-11-2022,1024,2,3,6.6,47,22.9,0,0,7.27,12322700
202627,01-06-2014,2217,5,4,3.3,17,15.7,0,0,6.96,15490972
202628,01-02-2013,2014,4,3,8.7,30,5.4,0,0,6.52,29760172
202629,01-04-2015,515,1,2,7.6,18,13.6,0,0,4.31,6460562
202630,01-04-2016,2105,4,4,7.3,7,7.5,0,1,7.15,29442702
202631,01-02-2016,1090,2,2,9.7,32,1.5,0,0,2.8,17417973
202632,01-05-2021,2307,5,4,6.4,28,19.4,1,1,3.72,29459194
202633,01-01-2021,1789,2,2,5.8,14,15.6,0,1,2.05,19777072
202634,01-12-2018,1365,2,2,4.5,22,13.5,1,1,4.97,12965963
202635,01-10-2020,2297,5,4,3.7,58,19.5,0,1,4.08,17708804
202636,01-07-2013,500,1,2,10,4,3.6,0,1,4.61,7296082
202637,01-07-2016,2256,5,4,6,31,14.8,1,0,0.85,25925713
202638,01-02-2017,897,2,2,6.4,62,15.4,1,1,4.8,7797907
202639,01-05-2023,1486,2,3,5.6,14,9.4,1,0,5.06,18568036
202640,01-07-2017,2337,5,4,8,22,15.4,1,1,5.85,32998876
202641,01-07-2011,1864,4,4,5.5,36,10.5,1,1,3.75,19064544
202642,01-04-2014,1712,3,2,9.3,21,9.8,0,0,7.53,24224307
202643,01-04-2020,880,2,1,7.1,17,16.6,1,0,6.66,12409152
202644,01-09-2012,1806,4,4,7.3,38,9.2,1,1,1.96,25260511
202645,01-01-2019,678,2,1,7.3,29,9.9,1,0,4.26,7543059
202646,01-03-2012,1971,4,3,10,38,7.6,1,0,1.75,29155417
202647,01-07-2010,822,2,2,7.3,4,15.9,1,1,6.66,10789064
202648,01-01-2011,837,1,1,2.7,9,24.8,1,1,2.79,7240992
202649,01-08-2019,1466,2,1,9.1,13,1,1,1,0.5,23271342
202650,01-10-2014,1539,3,3,6.5,10,10.6,0,1,6.27,18709434
202651,01-10-2019,2081,4,3,7,35,16.9,1,1,4.87,28477646
202652,01-10-2019,1229,3,3,7.6,25,2.8,0,1,4.54,17069488
202653,01-07-2015,3178,5,3,8.2,47,2.5,0,0,2.41,45312824
202654,01-03-2022,1003,2,2,7.7,7,12.4,1,1,0.5,15250242
202655,01-05-2020,1430,4,3,5.9,20,11.4,1,1,7.3,14847601
202656,01-11-2022,1908,4,3,10,15,2,0,0,7.74,32358300
202657,01-05-2010,1722,2,2,7.4,25,8.8,0,0,3.31,21533275
202658,01-11-2015,787,1,1,3,34,19.3,0,1,3.59,4309998
202659,01-08-2023,1097,3,3,7,7,13.7,0,1,0.5,15551796
202660,01-09-2014,1197,4,3,4.2,49,26.1,0,0,1.83,10131760
202661,01-05-2022,1847,4,4,5.2,21,11.8,1,0,12,19983460
202662,01-02-2022,1971,3,3,5.8,25,15.2,1,0,4.34,18749783
202663,01-09-2011,1908,4,4,2.8,11,19.2,0,1,4.95,14803411
202664,01-08-2011,933,3,2,6.6,25,16.5,1,1,5.55,9575742
202665,01-02-2012,1748,2,3,6.6,30,11.8,1,0,5.9,26586043
202666,01-04-2013,2184,5,4,6.6,35,25.6,1,1,0.5,21525200
202667,01-09-2015,1620,4,3,6.5,26,14.9,1,1,1.94,18489954
202668,01-01-2010,2653,6,5,5.1,41,18,1,0,2.5,26574010
202669,01-01-2015,1561,4,4,5.7,15,22.2,0,0,0.5,15272748
202670,01-01-2019,1769,4,3,3.9,12,17.8,1,0,0.5,16226834
202671,01-03-2022,757,3,3,6.1,17,11.4,0,1,1.48,10321625
202672,01-06-2019,2286,4,4,5.2,6,17.4,1,0,7.26,23960300
202673,01-01-2013,1993,5,5,3.1,16,19.2,0,1,0.5,16760994
202674,01-04-2018,1064,2,2,5.9,39,5.7,1,1,6.12,12815857
202675,01-02-2015,1777,3,2,7.8,21,6.3,1,0,3.5,28133707
202676,01-02-2016,1985,6,5,5.6,4,14,0,0,1.26,22349095
202677,01-02-2023,500,1,2,7.7,32,14.2,0,0,3.9,6665454
202678,01-12-2013,931,1,1,10,12,1.6,1,0,6.54,12211806
202679,01-08-2019,1837,5,4,5.5,23,7.9,1,1,2.09,22713980
202680,01-08-2012,2070,4,3,8.5,31,1.2,0,0,2.39,30079098
202681,01-10-2010,1931,5,4,4.3,6,26.6,0,0,4.48,17799759
202682,01-10-2010,2129,4,3,7,15,12.7,1,0,4.14,29481668
202683,01-10-2021,2733,5,4,6.4,36,19.9,0,0,4.19,37155178
202684,01-10-2010,1488,3,3,4.2,16,33.7,1,0,3.34,14403873
202685,01-02-2014,2322,5,4,7,42,6.3,1,1,3.58,30412060
202686,01-01-2011,1411,4,4,3.6,15,19,1,1,4.57,13689845
202687,01-10-2013,2124,4,3,3.9,11,10,1,0,2.89,16408498
202688,01-09-2016,2480,6,5,6.8,19,9.1,1,1,3.56,37552886
202689,01-11-2011,1663,2,2,7.7,36,6.4,1,0,2.19,20677528
202690,01-03-2018,1182,1,2,7.2,41,18,1,1,3.88,12682110
202691,01-03-2011,2056,4,4,5.6,12,14.2,0,1,2.09,20972290
202692,01-06-2021,988,1,1,9.1,31,2.6,1,1,0.61,16458761
202693,01-09-2013,953,2,2,6.1,29,26.3,0,0,4.73,9091389
202694,01-11-2011,1989,4,4,5.6,21,5.8,0,1,0.84,18821760
202695,01-04-2014,814,1,2,6,26,20.6,0,0,6.2,8682996
202696,01-04-2017,2264,5,4,8.7,5,9.5,0,1,4.05,36522596
202697,01-08-2013,1238,4,4,6.9,16,8.9,1,0,9.21,16319480
202698,01-03-2023,2315,5,5,6,13,10.3,1,1,2.75,22755813
202699,01-07-2020,2135,5,5,9.3,30,4.8,0,0,3.12,33585911
202700,01-11-2013,500,1,3,7.2,11,11,1,0,2.06,7626005
202701,01-05-2023,500,2,2,4.9,53,17.7,1,1,4.45,3368190
202702,01-01-2010,725,2,1,7,14,13,1,1,6.52,7438068
202703,01-09-2023,832,2,2,5.7,11,16.3,0,0,0.5,9858292
202704,01-07-2018,1705,4,3,10,20,2.7,1,1,5.84,27784563
202705,01-10-2018,1572,3,2,5.1,19,20.2,0,0,3.99,19333792
202706,01-07-2019,1984,3,4,6.3,17,14.3,0,0,3.63,25851425
202707,01-09-2019,747,1,1,7.1,6,2.3,1,0,4.8,9432307
202708,01-10-2018,1313,4,3,5,25,13.9,1,1,2.85,13296509
202709,01-07-2015,2077,4,3,3.2,21,30.2,1,0,4.11,15826546
202710,01-07-2021,2145,3,3,8.3,30,12,1,0,2.03,23654224
202711,01-11-2016,1445,3,3,4.2,36,29.7,0,1,3.84,13421300
202712,01-04-2020,927,2,2,7.6,21,8,1,1,6.9,12786112
202713,01-11-2016,1595,3,3,7.2,23,5.9,1,1,6.39,20138508
202714,01-06-2021,1619,2,3,6.1,8,16.5,0,0,2.51,19618630
202715,01-10-2011,3169,6,6,9,10,4.3,0,0,3.1,46035205
202716,01-10-2020,1327,2,2,3.3,40,20.4,0,0,4.24,8837683
202717,01-06-2011,500,1,2,8.8,21,1.3,1,1,3.44,7354280
202718,01-06-2020,2775,5,4,7.9,5,8.9,1,1,0.5,37374187
202719,01-07-2012,1966,3,3,6.7,7,17.1,0,1,3.55,25143047
202720,01-01-2014,2216,5,4,7,24,11.8,0,0,8.66,25349175
202721,01-06-2023,1284,2,2,9.1,17,7.5,1,1,5.49,18733250
202722,01-09-2015,2820,6,6,8.2,34,8.6,0,1,5.73,35012250
202723,01-08-2014,1574,4,2,4.7,19,23.9,1,0,4.03,15777576
202724,01-03-2023,1148,2,2,8.3,31,13.7,1,0,5.07,14330424
202725,01-04-2018,2043,5,3,7.2,11,8.7,0,1,2.05,25863753
202726,01-01-2019,1758,4,4,4.2,17,13.3,0,1,5.82,16356778
202727,01-09-2021,1022,2,2,7.5,19,10.2,0,0,1.94,15869731
202728,01-05-2016,1218,2,2,7.3,17,10.9,0,1,4.26,14994700
202729,01-10-2021,1650,3,3,4.1,2,21.5,0,1,5.13,15347713
202730,01-11-2011,2158,6,5,6.4,31,7.6,1,1,6.2,22962588
202731,01-05-2023,1406,3,3,6.2,28,21.1,1,1,6.27,16713791
202732,01-11-2013,1520,3,1,4.9,30,25.8,1,0,1.5,15694082
202733,01-05-2023,2187,4,4,3.3,24,15.6,0,1,3.96,21849799
202734,01-06-2011,2112,6,6,9.1,24,5.9,1,0,3.34,31601627
202735,01-05-2018,1641,3,2,7.4,29,7.7,1,0,3.65,23697389
202736,01-09-2021,1687,3,2,4.4,17,16.4,1,0,3.27,17730225
202737,01-01-2011,1627,3,3,4.2,60,28.4,0,0,3.52,12209411
202738,01-10-2016,1589,3,2,7.8,15,10.8,1,0,6.53,22049159
202739,01-11-2022,2503,5,4,5.9,49,15.2,0,1,5.47,25190691
202740,01-03-2012,1654,3,3,6,52,19.8,0,1,0.5,17226208
202741,01-07-2010,1442,3,3,5.9,30,4.8,1,1,3.98,14169166
202742,01-10-2023,1684,2,2,6.4,12,21.7,1,1,3.93,19221379
202743,01-02-2022,3291,7,6,7.8,12,20.7,1,0,3.61,54164862
202744,01-07-2020,1395,3,2,10,24,6,1,1,8.31,27389741
202745,01-05-2014,2337,4,3,4.9,33,6.9,1,1,7.02,24565687
202746,01-08-2011,2369,4,4,4.8,17,16.3,0,1,0.76,22988420
202747,01-02-2022,1091,2,1,7.5,28,19,1,1,6.55,11703640
202748,01-02-2022,2004,3,2,9.5,14,3.4,1,0,0.5,36507192
202749,01-05-2012,1217,2,1,8.2,43,1,1,1,4.34,12357562
202750,01-08-2010,629,1,2,7.9,19,9.6,1,1,1.65,6465658
202751,01-01-2013,1918,4,4,9.4,20,1,1,0,5.29,36760061
202752,01-09-2013,1731,3,4,6.2,10,13.3,0,0,0.5,22164071
202753,01-10-2017,1970,3,2,5.1,21,14.9,1,0,4.68,17218792
202754,01-08-2019,1297,2,2,9.2,18,3.6,1,0,6.16,20514381
202755,01-11-2022,2524,5,3,6.2,14,19.8,0,1,5.98,29376030
202756,01-02-2010,1473,3,3,8.1,13,10.6,1,0,6.67,21196163
202757,01-10-2019,2027,4,4,7.2,26,18.2,0,0,3.32,22722271
202758,01-11-2015,848,1,2,6.2,19,14.8,1,0,3.75,9043083
202759,01-10-2018,2073,5,3,8.4,23,5.2,0,0,0.9,28373336
202760,01-02-2010,1672,3,2,9.4,21,3.9,0,1,3.05,23719696
202761,01-01-2014,2986,6,5,9,38,4.6,1,0,5.51,36068958
202762,01-03-2011,1310,2,2,5.7,18,5.8,1,1,6.4,13880137
202763,01-09-2017,1481,2,2,7.5,27,13.2,0,1,2.73,18435116
202764,01-10-2013,2306,6,5,7,16,13.8,1,0,5.96,30770341
202765,01-02-2021,1324,3,2,4.4,39,22,0,0,7.08,11901727
202766,01-09-2016,2045,3,2,5,4,14.9,1,1,3.52,19981534
202767,01-12-2019,2385,5,5,8.6,31,10.6,0,0,5.13,37625453
202768,01-03-2019,1464,3,2,9.5,19,1,0,1,2.21,27304620
202769,01-04-2021,1565,2,2,4.9,9,16.2,0,1,2.98,13524242
202770,01-03-2013,1410,2,2,6.7,11,11.3,0,0,6.57,17445466
202771,01-04-2018,1816,5,4,5.8,22,12.4,0,0,3.31,20684755
202772,01-03-2023,1938,3,3,5,31,17.6,0,0,7.37,18219746
202773,01-06-2010,1320,3,3,9.1,9,13.8,0,0,1.79,17849945
202774,01-05-2014,1625,4,3,5.8,22,22.8,0,1,4.68,16720834
202775,01-09-2015,2517,5,5,5.2,58,13.9,0,0,2.83,27756716
202776,01-03-2014,1984,4,2,5.6,6,21.7,0,0,1.7,20421757
202777,01-01-2019,1414,2,3,4.4,22,6.8,1,0,6.85,11875474
202778,01-10-2017,1551,3,2,8.3,40,9.5,0,0,4.7,18433878
202779,01-09-2021,2168,4,3,3.1,15,18.9,0,0,1.52,16652793
202780,01-02-2021,1791,4,3,5.1,11,15.4,1,1,3.8,19166350
202781,01-08-2012,2126,4,2,4,20,23.2,0,1,2.36,13494323
202782,01-12-2023,1516,5,5,6.6,52,18.5,1,0,6.98,17778521
202783,01-01-2010,3105,6,5,7.8,11,12.3,0,1,4.63,50994723
202784,01-07-2011,2161,5,4,6.4,19,10.1,1,1,4.83,22732163
202785,01-08-2015,931,2,1,7.9,67,5.9,0,0,4.51,9663394
202786,01-07-2017,3315,6,4,6.2,24,17.7,1,0,4.46,36358395
202787,01-04-2016,2001,4,4,5.4,27,15,0,0,3.49,22730101
202788,01-07-2010,1776,3,2,5.6,8,13,1,0,1.3,18891465
202789,01-03-2012,1197,1,1,5.6,10,14.2,1,0,7.84,12429322
202790,01-07-2010,2259,5,4,8.1,21,1.4,0,0,5.07,36375845
202791,01-07-2017,1930,5,4,9,15,11,1,1,6.29,28129256
202792,01-05-2021,1787,3,4,5.8,15,11.4,1,0,4.42,23231023
202793,01-06-2023,1733,3,2,5,16,16.9,0,1,4.72,20409447
202794,01-08-2020,3540,7,6,6.7,38,20.8,1,1,2.93,43907412
202795,01-11-2012,1851,4,3,6.3,55,24.1,1,1,4.38,22541941
202796,01-06-2013,2239,4,2,8.5,7,1,1,1,4.97,31898581
202797,01-01-2018,1660,4,3,9.8,18,6.1,0,1,3.11,31322411
202798,01-01-2020,1842,4,3,7.4,27,3.9,0,0,3.49,25656204
202799,01-03-2018,1451,3,3,5.9,12,9.9,1,1,6.39,17501458
202800,01-09-2013,3059,6,5,4.2,9,18.6,1,0,2.54,28223513
202801,01-08-2017,1612,3,3,7.8,56,12.8,0,0,3.19,17786232
202802,01-09-2018,1809,4,3,6.9,37,14.5,1,1,3.98,18855127
202803,01-09-2013,2183,5,4,6,21,11.2,1,1,3.3,21586083
202804,01-09-2021,1831,3,3,8,17,8.8,1,1,5.42,25120801
202805,01-12-2012,2484,5,4,8.5,39,20.1,0,0,2.1,37353860
202806,01-08-2010,3084,7,6,2,19,27.5,0,1,3.98,21657371
202807,01-03-2015,1954,4,3,8.1,5,1,0,1,3.21,26733918
202808,01-03-2021,2342,5,4,7.6,44,12.6,1,1,4.7,27539160
202809,01-05-2019,725,1,1,8.6,8,1,1,0,5.43,10293792
202810,01-09-2010,1033,2,2,5.7,22,13.5,1,1,9.41,9889452
202811,01-08-2013,1124,3,3,9.1,21,13.9,1,1,5.86,16325540
202812,01-01-2011,1297,2,2,5.9,15,15.7,1,0,4.08,13456706
202813,01-07-2014,1305,3,3,4.9,15,11.3,1,1,0.77,13926128
202814,01-07-2023,1642,3,2,5.1,9,25.5,0,0,3.97,17423823
202815,01-11-2016,2254,4,4,7.7,31,7.1,0,1,2.63,28094050
202816,01-12-2013,1648,4,5,7.9,13,8.7,1,1,3.7,27453612
202817,01-05-2011,727,2,1,5.1,23,23.5,0,1,5,7042791
202818,01-12-2020,1935,3,3,7.3,21,17.2,0,1,5.27,24173669
202819,01-04-2010,2242,4,3,2.1,24,30.2,0,1,5.27,14546455
202820,01-07-2020,500,2,2,9.8,16,1.6,1,1,3.78,8960840
202821,01-03-2015,2052,4,3,6,34,9.3,0,0,4.05,22088359
202822,01-02-2014,1253,4,2,4.5,26,16.4,0,0,7.09,11150086
202823,01-09-2011,2303,5,4,9.6,22,8.9,0,1,4.51,40000080
202824,01-10-2022,1547,3,4,6.6,33,18.2,0,0,1.53,19612459
202825,01-02-2020,1849,2,2,6.3,22,19.9,1,0,5.88,22860113
202826,01-12-2020,2312,4,4,8.7,11,10.8,0,1,4.97,37118182
202827,01-10-2012,1828,3,3,7.5,39,4.1,1,1,2.31,21952208
202828,01-02-2013,1333,3,3,7.1,7,10.4,1,0,2.39,20060254
202829,01-02-2020,942,1,1,6.7,27,17.9,1,1,3.68,10312603
202830,01-09-2018,1352,4,3,3.8,29,11.7,1,1,0.5,12098585
202831,01-06-2017,1362,2,2,5.4,15,9.5,0,0,7.8,12445167
202832,01-10-2015,1704,2,2,9.4,33,4.9,1,1,8.03,27036975
202833,01-10-2017,2023,3,2,6.1,46,13.5,1,0,3.29,25101176
202834,01-05-2019,2809,6,4,2.9,20,21.9,0,0,1.69,20791639
202835,01-04-2023,2549,4,3,2.9,24,28.1,1,1,2.79,19551526
202836,01-03-2014,2067,5,4,6.3,36,16.4,1,0,0.5,23999553
202837,01-01-2010,1294,3,1,4.8,21,20.2,0,1,5.6,12352060
202838,01-11-2011,1282,3,3,7,27,12.7,1,0,1.87,18504003
202839,01-02-2022,1515,3,2,4.5,22,24.3,1,1,2.54,14645826
202840,01-10-2013,1932,3,3,9.6,68,12.7,0,1,5.17,30724669
202841,01-04-2018,1864,3,2,4.5,28,28.1,0,1,5.51,17952796
202842,01-05-2016,1135,2,2,8.9,23,8.4,0,0,1.95,16047189
202843,01-10-2010,1557,3,2,9.2,21,8.4,0,1,2.9,25849784
202844,01-03-2012,1098,1,1,6.9,15,6,1,1,4.93,13469100
202845,01-11-2020,1881,4,4,6.2,22,10.7,1,0,4.56,20787965
202846,01-04-2015,541,2,2,3,40,17.6,0,0,4.86,2535866
202847,01-01-2014,2097,4,3,6.2,26,24,1,0,4.46,23292385
202848,01-09-2022,2749,6,4,5.7,15,21.6,0,0,1.09,31249199
202849,01-06-2014,2643,5,4,5.3,15,7.7,1,1,4.51,31522694
202850,01-04-2017,1765,5,4,5.1,26,23,0,0,3.62,17530009
202851,01-10-2014,500,1,1,4.9,28,14.6,1,0,7.45,3572870
202852,01-04-2011,1326,2,2,5.9,63,11.3,1,0,2.59,14304759
202853,01-10-2021,874,2,2,6.8,6,14.9,0,0,6.51,12420296
202854,01-06-2012,1332,2,1,5.8,16,6.4,0,0,6.69,13082336
202855,01-01-2017,1742,2,2,8.6,22,1,1,0,6.17,26173797
202856,01-10-2022,3141,6,5,9.5,28,12.6,0,0,5.45,59303146
202857,01-06-2018,2378,5,4,5.9,13,16.8,0,1,6.27,24188994
202858,01-04-2022,1210,3,2,7.2,12,10.3,0,1,6.01,16344082
202859,01-10-2022,3071,6,4,8,27,12.8,0,1,5.67,44725135
202860,01-08-2016,1582,4,3,7.4,42,12.9,0,1,6.5,21548877
202861,01-07-2015,1961,5,4,7,20,6.3,0,0,4.69,20327276
202862,01-08-2023,563,1,1,5.6,28,17.6,1,1,2.71,5360265
202863,01-10-2021,1451,3,3,6.2,54,13.2,1,0,7.43,16197855
202864,01-11-2013,1659,4,3,7,8,12.2,1,1,1.84,21292243
202865,01-07-2016,2245,6,5,4.7,38,13.6,1,0,5.25,21044991
202866,01-09-2010,3015,6,5,5.7,21,10.5,0,0,6.65,32898111
202867,01-01-2023,1553,2,2,3.7,30,30.4,1,0,5.32,10435065
202868,01-12-2016,1539,3,2,10,40,4.1,0,0,2.1,20857205
202869,01-08-2023,1721,3,2,7.3,28,12.6,0,0,3.15,19238473
202870,01-02-2010,1404,3,2,9,12,16.3,1,0,0.85,17193720
202871,01-11-2019,1770,3,3,5.1,56,18.7,1,1,4.64,17639240
202872,01-06-2016,1897,4,4,6.6,22,16.3,0,0,7.35,25444233
202873,01-05-2020,1273,3,2,6.9,47,4.4,0,0,1.06,17109784
202874,01-11-2015,2233,6,5,6.2,25,17.3,1,0,2.92,29478674
202875,01-11-2019,2212,6,4,7.4,11,19.8,0,0,2.21,30240859
202876,01-10-2019,1195,3,3,7.6,24,12.2,0,0,5.72,14460139
202877,01-02-2020,2161,4,3,7.3,10,5.7,0,0,3.02,29851990
202878,01-09-2011,1058,3,2,6.7,10,2.7,0,1,6.5,12424106
202879,01-03-2022,2122,5,5,4.5,33,20.1,1,1,6.04,20045412
202880,01-10-2023,1527,2,1,6.6,20,3.1,0,1,7.94,17173751
202881,01-04-2023,1299,2,2,6.8,43,10.3,1,0,6.76,16767297
202882,01-05-2023,1855,4,4,6,18,11,0,1,4.31,19991605
202883,01-07-2011,1766,4,2,8.8,40,2.6,0,0,2.61,23774602
202884,01-04-2014,1847,4,3,4.9,29,22.8,0,0,5.37,17734309
202885,01-12-2019,1053,2,1,7.1,21,4.9,1,0,2.75,11996712
202886,01-12-2015,3042,5,2,6.3,8,14.8,0,1,3.39,28229999
202887,01-05-2015,1838,3,2,6.5,12,15.6,0,1,3.42,19417090
202888,01-08-2023,2750,6,5,7,28,8,0,0,6.16,34072385
202889,01-11-2010,2360,5,5,2.5,9,19.8,0,0,3.15,19410097
202890,01-06-2018,1791,4,4,6.1,21,18.6,1,1,4.45,22266891
202891,01-12-2015,1340,2,2,5.3,8,14,0,0,1.89,14114108
202892,01-02-2023,2073,4,3,7.3,31,9.5,0,0,3.74,27724366
202893,01-09-2018,1804,5,4,8.3,21,14.3,1,0,2.29,25925086
202894,01-06-2013,2470,7,5,6.3,20,17.9,1,0,6.94,26468338
202895,01-05-2011,1643,3,3,7,46,22,1,0,0.82,21695438
202896,01-02-2023,1327,3,3,7.5,50,12.8,1,1,4.41,19150955
202897,01-11-2020,1352,2,1,5.9,70,13.2,0,1,4.75,12224623
202898,01-12-2019,1694,2,2,7.4,26,16,0,0,6.49,21645668
202899,01-06-2016,1094,3,3,6.1,9,15.2,1,1,4.39,14843175
202900,01-06-2019,2404,6,4,9,25,11.8,0,0,9.81,37348832
202901,01-09-2017,942,3,3,6.7,34,13.2,1,1,5.29,8919023
202902,01-02-2019,1843,4,4,7.3,12,9.6,0,1,5.72,24919166
202903,01-05-2017,1930,4,3,8.4,25,9.3,0,0,5.65,27604323
202904,01-07-2017,1956,3,3,5.6,27,18.4,0,1,4.34,20053497
202905,01-07-2018,1193,2,3,7.9,7,15.5,0,0,7.32,16422382
202906,01-06-2018,1226,2,2,5.2,13,28.6,0,1,3.34,13324711
202907,01-09-2020,2238,4,3,6.2,22,13.6,0,1,1.69,30305211
202908,01-12-2011,1291,3,3,9.8,7,1,0,1,6.67,22340939
202909,01-02-2011,1556,3,3,6.7,15,7.7,1,1,6.24,18953852
202910,01-11-2010,1894,4,4,8,26,6.1,0,0,2.21,21403311
202911,01-10-2022,2160,6,5,6.3,14,15.9,0,1,8.52,23970277
202912,01-12-2011,1039,3,2,3.2,17,16.3,1,0,5.21,7717746
202913,01-10-2023,3051,5,4,8.7,30,4.9,0,0,3.62,50462792
202914,01-02-2016,896,1,1,10,28,5.4,1,1,5.05,12646319
202915,01-09-2017,500,1,3,7.3,26,8.4,1,0,6.28,6159496
202916,01-07-2010,1982,4,4,8.4,45,1,1,1,1.26,28373657
202917,01-07-2016,1292,3,3,7,27,15.2,1,0,7.54,15286446
202918,01-10-2023,2825,5,4,5,33,19.7,0,0,3.68,28389536
202919,01-11-2011,1265,3,3,4.8,20,27,1,0,5.88,9692720
202920,01-02-2022,1509,3,3,10,42,22.6,0,0,2.94,24501911
202921,01-07-2011,1402,3,3,5.5,18,17.1,1,1,5.84,16108964
202922,01-07-2010,2171,3,3,1.3,31,13.8,0,1,1.69,13425836
202923,01-02-2020,1059,3,2,9.3,15,1.7,1,1,1.74,16027444
202924,01-07-2021,1485,3,4,4.3,28,19.5,0,1,3.29,14702951
202925,01-11-2021,1408,2,1,8.5,44,11.3,1,1,2.96,19940671
202926,01-06-2019,1428,1,1,7.8,16,1,1,1,4.46,17982041
202927,01-02-2022,2254,4,4,7.4,33,15.9,0,0,2.55,28291439
202928,01-09-2010,1935,3,3,5.5,28,16.9,1,0,0.93,19883719
202929,01-08-2013,1399,3,2,7,8,13.9,1,0,4.59,16390586
202930,01-04-2014,1777,3,2,6.6,58,14.8,0,1,5.33,20228296
202931,01-12-2022,2187,4,4,6.1,20,7.7,0,1,3.53,26326246
202932,01-02-2017,1510,2,2,4.8,8,20.8,1,0,7.51,16063486
202933,01-10-2020,1990,4,3,5.5,17,16.9,1,0,3.22,24153376
202934,01-03-2017,2523,5,4,6.3,8,7.7,1,0,4.45,32254608
202935,01-09-2017,2146,5,4,1.6,33,28.9,0,0,2.28,15610038
202936,01-10-2011,2063,4,3,8.8,24,7.4,0,0,3.54,28317897
202937,01-05-2019,1315,2,2,6.8,14,16.3,0,1,3.03,18750245
202938,01-06-2023,1100,2,1,3.6,27,20.6,1,0,6.85,8626500
202939,01-02-2010,1906,4,4,8.5,9,1.5,0,1,1.93,30401272
202940,01-10-2022,1893,3,3,8.7,12,4.7,0,1,0.5,27085974
202941,01-03-2013,1548,4,2,7.6,43,7.6,1,1,3.07,20536416
202942,01-01-2015,2157,4,4,5.9,7,14.1,1,1,5.57,25779315
202943,01-08-2017,2998,6,5,6.5,13,17.8,1,1,4.93,42375504
202944,01-10-2018,500,1,1,7.9,44,5.4,1,0,4.93,5095636
202945,01-07-2018,1347,2,2,6.7,10,14.9,0,0,3.93,15677329
202946,01-06-2016,2444,4,4,6.3,6,7.6,0,1,6.56,24971123
202947,01-02-2010,1339,3,3,10,20,11.7,1,0,6.88,21806130
202948,01-06-2021,1801,4,3,10,13,2.6,1,0,2.97,25528365
202949,01-08-2018,1756,3,2,6.3,4,12.3,1,1,7.03,23118281
202950,01-04-2015,817,1,2,6.2,18,9.7,1,0,5.58,9399743
202951,01-11-2020,2471,5,5,4.9,10,26.6,1,0,4.94,26795445
202952,01-04-2021,680,2,1,7.5,27,1.3,1,0,6.21,7966430
202953,01-02-2022,1784,3,3,6.9,17,18.1,0,1,3.16,21376437
202954,01-01-2013,1574,5,5,8,30,11.5,1,1,0.87,24208558
202955,01-08-2011,1196,3,3,7.1,11,3,0,0,4.96,15001709
202956,01-04-2011,1241,2,2,8.2,28,8.7,0,0,9.54,16880480
202957,01-07-2017,1599,5,4,5.4,12,10.3,1,0,4.79,19984297
202958,01-08-2014,1919,5,4,5.8,7,13.3,1,1,5.12,23784284
202959,01-05-2014,1966,6,6,8.6,28,4.7,1,0,4.67,30390649
202960,01-08-2019,2015,5,5,6.9,14,16.4,1,1,1.87,27774288
202961,01-01-2018,1903,4,4,5.9,35,18.9,1,0,2.66,20634585
202962,01-03-2013,1663,3,2,5.7,36,19.8,1,0,0.78,18127267
202963,01-10-2021,2595,5,4,3.4,18,16.3,1,1,5.89,19836214
202964,01-04-2012,818,1,1,7.7,20,9.6,0,0,5.73,9705849
202965,01-11-2010,1783,4,3,7.2,10,3.6,1,0,1.38,24702491
202966,01-07-2019,1908,4,5,7.8,23,10.8,1,0,10.61,26166277
202967,01-11-2010,553,1,1,7.7,21,4.6,1,1,4.21,6934066
202968,01-06-2015,2020,4,3,6.6,15,10.6,1,1,3.97,28232874
202969,01-09-2010,1297,1,1,7.9,6,1,0,0,6.45,18048959
202970,01-04-2020,2934,7,4,5.9,4,11.8,0,1,4.26,31544523
202971,01-11-2022,1503,3,2,5.6,9,11.9,1,1,0.5,17957503
202972,01-08-2012,500,1,1,9,15,1.4,1,0,6.93,7411375
202973,01-05-2022,597,1,1,7.8,18,11.1,1,0,6.35,7846939
202974,01-03-2022,1620,5,4,8.2,14,5.2,0,0,7.5,21517346
202975,01-09-2017,1866,3,3,6.1,12,13.3,0,0,2.86,22015038
202976,01-04-2019,1610,3,3,4.6,7,18.6,0,1,5.21,17401779
202977,01-03-2023,1447,1,1,9,29,2.7,0,1,2.93,21133805
202978,01-02-2014,2857,5,4,6.9,19,11.3,1,0,4.65,33163116
202979,01-11-2021,2301,6,5,8,30,5.9,0,1,4.43,29530259
202980,01-04-2015,1922,5,4,2.9,23,17.2,0,1,3.74,16606522
202981,01-08-2017,1615,4,4,5.2,30,13.6,1,1,2.94,19640404
202982,01-03-2018,1216,2,2,7.2,38,10.7,0,0,3.84,16233059
202983,01-11-2023,1568,3,3,7.2,31,11.9,1,1,5.07,22734439
202984,01-08-2013,2369,4,4,5.4,28,22.3,1,1,4.75,26559903
202985,01-03-2022,1725,3,2,6,46,20,1,0,2.64,19403671
202986,01-04-2012,1699,4,3,4.3,30,16.4,0,1,6.65,16622359
202987,01-06-2020,500,2,1,5.4,80,23.5,0,1,4.52,1506126
202988,01-05-2016,2293,4,3,7.2,12,15.1,1,0,2.05,34786813
202989,01-10-2012,2000,5,5,5.7,21,11.9,1,0,0.85,22177670
202990,01-10-2010,827,1,1,5.3,31,12.1,0,1,4.77,7152025
202991,01-05-2022,2515,5,3,9.6,18,10.6,0,0,5.2,41580343
202992,01-02-2011,3044,5,5,6.7,8,10.7,1,1,2.09,39654143
202993,01-07-2019,1018,3,4,5.3,13,21.8,1,1,2.11,11005337
202994,01-09-2012,2272,4,4,10,13,17.6,0,0,5.86,38778548
202995,01-01-2013,988,3,2,6.7,22,7.8,0,1,3.3,10982598
202996,01-06-2020,2086,3,2,5.4,28,17.8,1,0,3.85,22127474
202997,01-07-2013,1144,2,2,8.6,25,13.7,1,0,4.87,15665414
202998,01-03-2010,2469,5,4,5.1,36,15.3,0,1,0.5,23736093
202999,01-02-2017,1273,4,3,6.4,35,6.5,1,1,5.94,15151233
203000,01-11-2019,1594,3,3,7.2,28,17.6,0,1,4.16,20539729
203001,01-06-2023,1729,3,3,5.1,25,22,1,0,2.97,14957260
203002,01-01-2010,1021,2,3,5.8,46,20.7,0,0,1.21,9778610
203003,01-09-2016,1176,1,1,6.2,15,9.1,1,1,3.57,11385344
203004,01-12-2021,2532,5,4,6,13,9.9,1,0,7.01,32691574
203005,01-09-2017,1946,3,2,6.3,12,13.2,1,0,3.81,21049113
203006,01-01-2012,1159,2,1,7,12,8.9,1,0,3.09,16528542
203007,01-12-2015,2023,5,3,6.8,12,14.2,0,0,4.15,28556317
203008,01-06-2023,513,2,1,7.5,31,16.4,1,1,3.66,5492551
203009,01-06-2017,1429,2,1,6.7,7,13.4,0,0,6.23,16217556
203010,01-09-2014,2017,5,5,6.9,27,12.2,1,0,3.82,22462553
203011,01-12-2014,1535,3,3,8.7,23,14.4,1,0,4.99,19613707
203012,01-10-2011,3423,7,5,4.3,21,16.9,1,1,4.63,32578187
203013,01-09-2015,1555,4,5,8.2,17,1,1,1,3.19,26028189
203014,01-03-2022,2616,6,5,2.3,27,22,1,1,2.97,19206456
203015,01-03-2018,2281,5,4,8.8,32,14.1,0,0,2.27,32024157
203016,01-05-2014,1967,4,4,5.2,21,21.5,0,1,4.43,22405464
203017,01-01-2012,1384,3,3,8.6,21,10.9,0,0,2.49,21392816
203018,01-05-2016,2827,5,4,10,10,1,0,0,2.76,49213995
203019,01-01-2014,1822,3,2,7.3,49,10.4,1,0,4.02,23575933
203020,01-02-2019,2113,4,2,4.1,9,16.5,1,1,3.91,20019767
203021,01-08-2018,3127,6,5,7.4,27,8.3,0,0,5.07,42778989
203022,01-01-2020,3355,7,5,1.2,11,28.8,0,0,7.32,20472602
203023,01-01-2015,1586,4,3,4.6,15,13.3,0,0,5.73,11529596
203024,01-01-2014,2451,4,2,5.8,14,21.3,0,1,5.23,31253599
203025,01-11-2010,1382,3,2,7.2,10,8.9,0,0,2.18,18757047
203026,01-08-2019,1979,5,4,9.7,19,8.9,0,1,4.21,37121669
203027,01-07-2017,1757,4,4,9.2,14,13.4,1,1,1.67,25916707
203028,01-09-2021,2463,5,5,6.3,20,4.3,0,0,4.93,21707618
203029,01-04-2015,2902,6,4,6,20,10.7,1,1,6.62,30234285
203030,01-03-2021,1946,4,3,4.6,18,15.7,1,0,0.92,18516869
203031,01-01-2019,1615,5,5,6.4,3,2.5,0,0,5.22,21864513
203032,01-05-2019,1818,4,3,7,11,13.8,0,1,1.16,19934721
203033,01-03-2013,1449,2,1,3.9,50,20.6,1,0,4.56,10206850
203034,01-12-2020,2683,5,5,4.8,34,22.6,0,0,6.19,26592854
203035,01-09-2017,1363,2,2,6.3,20,11.3,1,0,6.52,15528436
203036,01-11-2020,1507,3,2,6.3,13,16.1,1,0,5.15,20490247
203037,01-11-2023,1957,4,5,6.8,42,7,1,0,8.39,22209031
203038,01-02-2017,1335,3,3,6.7,15,14.4,1,0,2.73,18939869
203039,01-10-2015,2975,7,6,8.1,16,1,1,0,5.42,48942551
203040,01-10-2015,1840,4,3,5,6,18.3,0,1,6.17,21512056
203041,01-09-2010,887,1,1,6,44,13,1,1,3.51,8236374
203042,01-02-2018,1654,3,3,5.2,41,20.9,1,1,3.76,15289909
203043,01-09-2010,1948,3,2,8.7,18,21.9,0,0,3.72,26930463
203044,01-03-2020,1669,3,2,2.2,24,25.4,1,0,6.78,12680688
203045,01-04-2020,2721,6,5,10,40,6.2,0,1,4,47453216
203046,01-05-2023,1990,4,3,6.7,29,14.2,1,0,4.95,23899345
203047,01-02-2021,1279,3,4,6.9,38,14.1,0,0,0.5,16517375
203048,01-04-2013,1415,4,3,7.5,7,6,0,0,5.25,20864680
203049,01-12-2020,1683,3,3,5.9,42,11,1,1,4.69,18706757
203050,01-08-2022,1835,3,2,8.4,39,1,1,0,5.31,23992957
203051,01-09-2010,2736,6,5,3.3,26,18.4,0,0,3.15,22421055
203052,01-06-2014,1451,3,2,5.5,30,23,1,0,4.78,17238617
203053,01-12-2020,978,1,1,4.3,14,15.9,1,1,4.39,8806019
203054,01-01-2012,500,1,1,9.4,17,1,1,1,6.3,5927921
203055,01-04-2010,1956,3,3,4.8,38,20.2,1,0,5.43,17540069
203056,01-12-2022,1352,4,4,8.4,19,14.1,0,0,3.47,21217790
203057,01-07-2016,1577,4,3,7.9,37,9.1,0,0,0.5,23962384
203058,01-12-2015,955,2,2,5.4,9,16.6,1,1,5.92,10118291
203059,01-01-2011,1759,4,4,4.6,19,24.3,1,1,1.14,16269010
203060,01-06-2016,1213,2,1,10,37,1,1,0,4.72,16867931
203061,01-03-2014,2041,4,3,9.5,23,14.1,1,0,3.37,37412436
203062,01-01-2017,1404,3,3,7,25,8.9,0,0,3.13,16567140
203063,01-03-2013,2146,3,2,8.3,14,9.1,1,0,0.5,32202304
203064,01-11-2014,2284,4,3,8.8,7,1,0,1,0.5,31837200
203065,01-05-2016,1479,3,3,3.5,10,24.7,1,0,2.37,11311356
203066,01-09-2018,2252,4,3,7.2,11,14.8,0,0,6.14,24411412
203067,01-09-2023,1783,3,2,7.4,14,14.2,1,1,6.32,24022682
203068,01-09-2016,994,2,1,6.6,5,13.3,1,0,3.5,12705283
203069,01-07-2018,963,3,3,5.7,22,21.8,0,0,2.3,12730475
203070,01-11-2011,2194,4,3,8.4,23,8.4,1,1,2.61,30165458
203071,01-11-2023,2339,5,4,8.1,22,13.4,0,0,2.36,31767399
203072,01-12-2013,2538,5,5,8.9,45,5,0,0,3.29,38327054
203073,01-01-2019,2158,5,4,5.8,17,16.1,1,0,5.61,23056005
203074,01-11-2017,1553,4,4,5,14,24.9,1,1,2.28,16301839
203075,01-02-2020,1409,2,1,6.1,32,10,0,1,4.18,15202821
203076,01-11-2012,2389,5,3,6,23,14.7,1,0,3.44,23789836
203077,01-06-2020,1376,2,2,4,24,13.5,0,1,2.64,11554716
203078,01-01-2023,1979,3,3,7.5,10,10.8,1,0,1.62,31012149
203079,01-04-2018,1476,2,2,3.8,21,18.9,1,0,1.89,12100708
203080,01-02-2016,1278,2,2,8.3,20,8.3,1,1,3.9,18114721
203081,01-07-2012,2249,6,5,8.9,22,6.4,1,0,0.83,31094843
203082,01-12-2019,1569,4,3,5.9,18,18,0,1,3.93,18348728
203083,01-08-2011,593,1,2,8,21,8.2,0,1,6.54,7617378
203084,01-09-2013,500,1,1,9.6,14,9.3,0,1,2.09,6422622
203085,01-12-2010,1646,4,3,7,12,11.4,0,0,6.72,19217640
203086,01-01-2015,1543,3,4,5.1,20,12.9,1,1,4.82,18259315
203087,01-11-2010,2503,5,4,3.8,12,25.1,1,0,2.2,22147789
203088,01-01-2014,2503,5,3,5.7,12,16.8,0,0,1.43,28626925
203089,01-10-2020,2354,6,4,7.6,18,10.1,1,1,4.66,30677161
203090,01-05-2022,1296,2,2,7,12,1.8,1,1,4.27,19646743
203091,01-06-2015,2278,5,3,7.2,26,9,0,0,1.11,27091802
203092,01-01-2010,2180,5,4,8.7,21,8,0,1,7.55,37038561
203093,01-09-2017,1735,3,2,6,31,16,1,0,4.92,17330240
203094,01-02-2019,2812,6,5,6.4,16,1.5,1,0,0.78,33143050
203095,01-07-2019,870,1,1,5.7,49,7.2,1,1,4.9,8086425
203096,01-05-2021,2539,5,3,6.1,22,21.8,1,0,6.88,24813107
203097,01-05-2018,2120,4,3,4.3,11,16.9,1,1,4.15,20149796
203098,01-11-2019,1143,3,1,6.3,11,17.7,0,0,0.71,13304231
203099,01-02-2013,1357,2,1,4.6,12,18.4,1,0,3.33,13069787
203100,01-03-2020,2460,5,5,10,15,1,0,1,6.74,41998683
203101,01-07-2016,1839,4,3,9.7,6,1,1,0,1.35,28206551
203102,01-01-2014,823,2,2,6,52,13.8,0,1,2.24,5982149
203103,01-07-2017,1670,3,3,10,37,8,1,0,1.87,25782320
203104,01-07-2020,1371,2,1,9,13,7.1,1,1,7.06,21395826
203105,01-07-2014,1078,2,2,8.3,14,1,1,0,5.76,13571732
203106,01-12-2015,1116,2,1,9.2,17,1.9,1,1,6.21,17221889
203107,01-10-2023,2094,6,4,7.7,45,8.5,1,0,0.5,24642620
203108,01-01-2019,1918,3,2,6.1,13,14.8,1,1,9.55,24521498
203109,01-07-2013,750,2,2,4.2,20,24.1,1,1,3.86,6578522
203110,01-02-2012,1430,3,3,6.5,22,23.7,1,0,4.44,20048738
203111,01-05-2016,2111,5,5,7.8,25,1.5,0,1,2.66,29698167
203112,01-02-2016,2093,4,4,5.8,24,20.1,0,0,5.25,22991856
203113,01-07-2023,2680,5,4,4.6,26,21.2,1,0,0.5,31144319
203114,01-08-2012,1236,2,1,6.3,34,19.1,1,1,2.46,12809296
203115,01-08-2016,1372,3,3,10,37,3.7,0,0,3.2,21883920
203116,01-11-2011,784,2,2,8.1,13,1,1,0,5.04,10249645
203117,01-04-2013,2303,5,5,5.6,18,12.3,0,1,5.5,24430195
203118,01-08-2014,2494,6,4,7,46,19.9,0,0,0.5,33773282
203119,01-01-2016,2064,4,4,8.1,24,9.9,1,1,3.77,25888363
203120,01-02-2021,2586,6,4,2,17,17.4,1,1,7.37,17404077
203121,01-04-2018,1620,3,2,4.3,26,24.2,1,1,4.87,12309777
203122,01-04-2015,1320,1,1,6.4,31,16.2,0,0,3.66,14055654
203123,01-04-2023,1490,3,3,3.5,24,15,1,0,1.8,12218995
203124,01-06-2012,2535,5,4,5.3,31,13.6,1,1,4.68,27106550
203125,01-04-2017,500,2,2,5.6,29,12.9,1,0,0.75,4673910
203126,01-05-2019,1364,2,2,7.9,10,8.1,0,1,5.35,17279627
203127,01-02-2019,2662,4,3,5.5,10,11.6,0,1,2.93,33943919
203128,01-08-2011,1048,2,1,6.3,20,5.5,1,1,7.55,8944075
203129,01-11-2017,2719,4,3,6.5,32,14.5,1,1,4.58,33698696
203130,01-01-2010,2861,5,5,5.8,20,20.5,0,1,2.61,34868462
203131,01-01-2013,2689,6,5,6.5,12,11.7,1,1,2.92,41335184
203132,01-04-2017,1759,4,4,8.1,24,12.7,0,0,2.7,25193326
203133,01-03-2012,2388,6,5,6.8,11,4,1,1,4.32,36235317
203134,01-06-2020,2021,4,3,8,14,1,1,0,3.31,28088151
203135,01-09-2015,1754,3,3,5.8,15,12.4,0,0,3.31,21310126
203136,01-12-2018,1581,3,3,7,15,13.3,1,0,6.8,22237399
203137,01-02-2018,1962,4,3,3.8,22,19.8,0,1,3.36,17484373
203138,01-09-2019,1294,2,2,2.3,6,32.2,1,0,0.5,9714333
203139,01-01-2013,1540,4,3,5.9,8,17.7,0,1,9.31,17622260
203140,01-08-2010,2731,5,3,4.1,7,16.3,1,0,2.59,27538513
203141,01-06-2013,1765,4,3,9.5,25,8,0,0,1.68,30780224
203142,01-09-2012,1379,2,2,7.5,17,12.1,1,0,4.36,14934387
203143,01-04-2020,2023,3,3,2.9,8,25.1,1,0,3.24,13626781
203144,01-02-2020,1207,3,2,8.5,10,15.6,0,1,1.45,15953304
203145,01-03-2014,1237,2,2,10,23,3.7,0,1,3.05,21298220
203146,01-12-2019,1876,5,4,8.1,31,11.4,1,1,4.34,25722184
203147,01-10-2016,1958,4,4,7.4,16,17.9,0,0,5.05,25672084
203148,01-06-2016,2040,4,4,9.5,15,7,0,0,3.36,29854780
203149,01-09-2018,1788,3,2,5.6,21,19.4,1,1,3.92,16708223
203150,01-04-2017,2407,4,4,9.3,7,8.3,1,1,6.05,38264239
203151,01-12-2019,1814,3,3,4,18,22.6,0,1,6.28,13617058
203152,01-06-2010,2108,4,3,6.5,13,7.4,1,1,0.52,24885187
203153,01-10-2014,1417,2,2,3.2,21,14.8,0,0,5.27,11046898
203154,01-01-2014,1606,3,2,8.4,17,1,0,0,2.6,22952765
203155,01-03-2022,2450,4,3,7.8,5,8.2,0,0,1.81,30681713
203156,01-12-2023,1275,2,2,7.3,10,8.1,1,1,5.13,18399421
203157,01-05-2013,1981,4,4,6.2,29,11.8,1,0,4.34,20877264
203158,01-12-2015,2628,5,3,6.6,18,12.7,1,0,6.32,29948496
203159,01-02-2022,984,1,1,4.2,32,22.2,1,0,0.64,7858168
203160,01-12-2010,1221,3,2,1.3,8,24.6,0,1,2.61,7045697
203161,01-12-2022,1528,3,4,4,42,20.3,1,1,5.14,14290637
203162,01-07-2013,1887,4,3,6.8,14,5.6,1,0,4.12,23954408
203163,01-02-2015,1208,2,1,8.6,20,2.9,1,1,4.8,17293140
203164,01-05-2013,1772,3,3,4.2,22,25.7,1,0,6.53,15466480
203165,01-11-2014,1467,3,3,5.8,26,17.4,1,1,3.95,15384339
203166,01-11-2019,1264,2,2,6.9,34,7.3,0,0,0.5,18710319
203167,01-02-2015,1175,3,3,8,26,12.5,1,0,4.05,15901719
203168,01-07-2023,1577,3,3,5.9,15,9.2,1,1,2.71,19906374
203169,01-04-2011,2026,2,2,7.9,6,7.5,1,1,5.48,24503669
203170,01-11-2022,1455,3,3,5.9,18,9.3,0,1,2.05,18503568
203171,01-05-2023,934,1,1,6.5,18,9.9,0,0,4.79,13091852
203172,01-02-2015,2099,4,3,6.6,17,14.6,0,1,5.22,23956951
203173,01-10-2015,1453,2,3,7.8,62,9.1,1,1,5.36,17676546
203174,01-06-2010,1911,3,2,8.9,6,4.4,1,0,6.56,27695309
203175,01-10-2020,1704,5,4,10,17,4,0,1,0.5,31827249
203176,01-10-2016,1642,3,3,6,10,16.2,1,0,2.06,17465158
203177,01-12-2014,1895,4,4,7.3,22,15,1,1,2.92,28652039
203178,01-05-2016,2568,5,4,7,20,10.1,0,1,2.74,32416568
203179,01-05-2011,2153,4,3,8,17,13.9,0,0,3.41,35326804
203180,01-05-2020,1850,3,3,5.3,28,14.2,1,0,5.17,20450516
203181,01-10-2017,2212,4,2,6.9,14,11.9,0,1,3.72,30993392
203182,01-12-2019,1112,3,2,6.1,42,12.9,0,0,7.4,11935851
203183,01-11-2011,1583,3,3,7.6,17,8.6,0,1,6.05,20198997
203184,01-05-2022,2042,5,4,7.3,74,10.1,1,0,5.91,25726056
203185,01-07-2010,1584,5,3,7.2,19,7.8,1,1,4.72,19731683
203186,01-10-2015,2730,5,3,10,25,6.2,0,1,0.98,44320429
203187,01-08-2017,1741,3,3,6.1,26,12.5,1,0,4.52,19606609
203188,01-09-2011,1062,2,1,7.6,5,6.1,1,1,3.62,15870158
203189,01-03-2010,1376,2,1,6.8,29,16.8,1,1,4.69,16869521
203190,01-12-2012,1924,4,3,4.7,10,21.1,0,0,3.5,17012655
203191,01-09-2016,1704,3,2,4.9,53,22,1,0,6.47,15104312
203192,01-11-2021,1712,4,2,9.4,20,10.2,1,0,4.48,26416601
203193,01-04-2017,1805,3,3,7.5,15,8.5,1,1,5.03,20151256
203194,01-03-2012,697,2,1,9.7,9,5,0,1,6.63,10456586
203195,01-08-2011,957,3,2,5.1,20,18.8,0,0,7.33,9408126
203196,01-10-2016,1690,3,2,6.6,12,16.8,1,1,3.82,20056930
203197,01-09-2015,1366,4,4,7.9,18,10.5,1,1,1.46,15976320
203198,01-01-2011,2467,5,4,8.3,19,6.4,0,1,2.98,33152343
203199,01-08-2017,1546,3,3,8.7,21,3.6,1,0,3.36,27220489
203200,01-02-2023,1564,3,2,3.1,8,28.6,1,0,5.16,12701289
203201,01-01-2010,2137,5,5,6.4,16,18.7,1,0,5.76,22247708
203202,01-11-2015,2076,5,3,5.8,42,19.1,1,0,4.5,23580452
203203,01-04-2014,2106,3,3,3.1,16,10.7,1,1,1.1,17597411
203204,01-05-2020,2079,3,3,7.1,22,14.8,0,1,0.5,25642024
203205,01-12-2010,2880,6,4,6,11,12.8,0,0,1.92,34409894
203206,01-08-2020,1801,2,2,7.3,23,8.3,1,0,2.15,24178863
203207,01-03-2016,2293,4,3,3.9,33,9.3,1,1,2.89,18906074
203208,01-03-2011,1501,3,4,6,13,8.2,0,1,6.71,17454971
203209,01-08-2011,1398,3,4,9.2,49,12,1,1,6.45,22033910
203210,01-06-2013,1519,4,4,9.6,18,8.5,0,1,3.51,23064089
203211,01-04-2018,2509,3,3,5.8,21,20.2,0,1,3.19,32018855
203212,01-09-2016,1698,4,4,3,14,20,0,1,5.58,11667173
203213,01-01-2017,1613,3,3,6.8,25,16.8,1,0,3.11,21142370
203214,01-08-2023,1549,2,3,3.9,14,25.3,1,1,4.18,14418618
203215,01-10-2014,1150,3,3,8.3,9,13.2,1,1,5.33,16517006
203216,01-09-2015,2361,4,3,5.7,44,11.2,1,0,2.02,23325217
203217,01-12-2016,1467,3,3,5.2,21,13.6,0,1,4.58,14708510
203218,01-03-2021,717,2,1,6.6,17,13.2,0,1,4.37,7480205
203219,01-01-2013,1611,3,2,10,27,5.6,1,1,3.14,24990881
203220,01-05-2013,1443,3,3,5.3,24,8.1,0,0,1.33,14884699
203221,01-03-2022,2545,5,6,9.4,22,9.4,0,1,5.88,36623584
203222,01-09-2022,1280,3,3,5.9,15,11,0,0,3.97,15149318
203223,01-07-2014,2268,5,4,3.1,21,20.6,0,0,3.47,16268315
203224,01-09-2021,2212,5,3,4.1,13,23.3,0,0,6.1,21338880
203225,01-01-2010,500,1,1,6.9,16,15.1,0,0,5.26,6030141
203226,01-05-2021,1759,5,4,7,16,21.5,0,0,4.12,24237086
203227,01-04-2014,1744,4,3,7.3,32,12.2,1,0,4.01,16901989
203228,01-03-2011,1479,2,2,4.4,25,18.1,1,1,0.84,12984768
203229,01-10-2020,1561,4,3,4.4,11,9,0,1,6.64,14924150
203230,01-09-2017,2482,5,3,7.5,22,4.2,1,0,5.83,36157383
203231,01-11-2019,2244,4,3,4.2,26,22.1,1,1,1.01,19019256
203232,01-09-2011,909,3,3,5.8,27,18.9,0,1,4.29,9510777
203233,01-05-2021,1946,4,3,4.8,10,21.8,0,0,2.6,19196321
203234,01-08-2010,1859,4,4,8,13,9.6,1,0,5.53,21687510
203235,01-10-2011,1970,4,3,5.6,6,8.4,0,1,4.86,21263008
203236,01-08-2012,1890,2,1,5.1,74,5.6,0,0,2.99,16421583
203237,01-05-2019,500,1,1,6,40,10.1,0,1,7.01,3782338
203238,01-09-2020,2370,5,4,7.6,16,7.9,1,0,3.06,37827744
203239,01-11-2020,1500,4,4,4.5,23,21,0,1,1.72,14676580
203240,01-07-2020,1605,3,3,3.8,31,26.5,0,0,3.26,12099535
203241,01-11-2016,1938,4,3,4.5,22,24.5,0,0,0.5,17596314
203242,01-07-2022,1318,3,2,6,20,7.7,0,1,1.32,19895306
203243,01-01-2013,1730,3,3,7.4,29,4.1,0,1,4.78,19480864
203244,01-10-2014,1271,3,3,4.3,14,11.9,1,1,0.5,12823306
203245,01-08-2011,1114,2,2,5.8,34,16,0,0,8.67,11431746
203246,01-04-2011,2421,6,5,4.7,24,19.8,0,1,2.37,23517938
203247,01-07-2011,1526,4,2,7.2,20,10.3,1,1,6.1,18682217
203248,01-07-2017,1485,3,3,5.8,49,15.9,1,1,1.81,15057919
203249,01-12-2015,1606,2,1,8.5,12,12.3,1,1,6.58,25883827
203250,01-10-2023,1985,3,2,8.2,23,9.2,1,1,0.5,29838247
203251,01-09-2020,2364,5,4,6,37,20.4,0,0,5.81,25469808
203252,01-05-2012,2348,4,5,9.2,22,11.1,1,1,6.8,31796916
203253,01-06-2010,910,2,2,6.4,36,13.1,0,1,5.61,7478143
203254,01-04-2013,1629,3,2,7.2,9,14.5,1,1,4.78,19711706
203255,01-09-2020,1792,4,3,6.6,22,7.9,1,1,6.83,18525680
203256,01-10-2012,1110,1,1,5.8,5,16.8,0,0,5.51,11845586
203257,01-11-2011,1542,4,3,7.4,42,7.6,1,1,7.62,19293438
203258,01-06-2020,1677,4,3,5.9,37,22.4,0,0,5.17,19500263
203259,01-08-2020,2161,4,2,5.8,18,19.6,1,0,7.58,26264458
203260,01-06-2018,1438,2,3,6.1,19,1,1,0,3,18029470
203261,01-05-2015,842,2,2,6.8,29,15.7,0,1,3.14,9901823
203262,01-09-2010,2306,5,4,1.9,19,28.4,0,0,4.75,14240016
203263,01-04-2017,1636,3,2,3.9,38,22.9,0,1,3.25,14076599
203264,01-05-2010,2188,5,3,5.3,6,6.3,0,1,4.9,19406926
203265,01-11-2016,2103,4,3,7.8,25,15.3,1,1,3.48,26691266
203266,01-07-2019,2497,4,3,3.6,17,23.6,1,0,0.82,26145992
203267,01-04-2012,582,2,2,4.6,8,14.4,1,1,3.47,4878830
203268,01-07-2021,3087,7,6,8.9,43,12.1,0,0,4.94,48408996
203269,01-08-2013,1261,4,4,9.2,12,8.9,0,0,3.03,17673965
203270,01-05-2019,879,3,3,5.4,10,20.9,0,1,2.5,9359971
203271,01-03-2010,1574,2,3,5.7,13,9.7,0,1,5.41,18599804
203272,01-04-2020,1687,3,3,7.8,12,3.1,0,0,2.35,23946205
203273,01-02-2022,1347,3,3,7.6,36,11,0,1,8.68,18608096
203274,01-03-2010,1772,4,4,7.6,20,5.3,1,0,7.16,23706121
203275,01-04-2016,2115,4,5,7.7,9,10.3,0,1,7.15,29707009
203276,01-11-2015,900,2,3,4.6,10,10.9,1,1,5.49,8914068
203277,01-07-2015,1816,4,4,5.4,32,6.9,0,0,7.07,20311890
203278,01-07-2020,1781,3,2,4.5,10,18.9,0,1,1.33,19322617
203279,01-02-2016,2065,5,4,8.3,21,1,0,0,4.05,32522990
203280,01-12-2018,1465,1,1,6,20,17.4,1,1,5.23,16939382
203281,01-05-2016,1645,2,2,3.9,32,18.5,1,0,3.82,12326495
203282,01-04-2010,1616,3,2,7.3,23,11.9,1,0,6.22,19128649
203283,01-04-2017,969,1,1,8,17,8.7,1,1,4.6,12865737
203284,01-07-2014,1440,2,1,7.4,14,16.9,1,0,1.6,16270036
203285,01-04-2020,1595,4,3,5.2,9,24.2,1,0,3.3,18113979
203286,01-09-2017,1635,3,3,7.9,45,8.1,1,1,8.6,20587398
203287,01-03-2014,1108,2,2,8.3,46,11.1,1,1,3.56,15751929
203288,01-07-2013,1216,3,3,5.9,27,22.5,0,0,5.83,9284074
203289,01-03-2012,1902,5,4,6.6,52,17.3,1,0,6.22,20702032
203290,01-03-2015,1608,3,3,5.1,16,13.9,1,1,2.79,19393785
203291,01-07-2015,1992,4,3,8.6,14,10.2,1,0,6.91,28769817
203292,01-01-2018,2880,7,5,9.4,34,4.9,1,1,3.61,49945055
203293,01-07-2022,1276,2,1,4.6,7,13.7,1,1,6.4,14664478
203294,01-04-2013,2441,5,4,6.7,26,11.8,0,1,3.42,29806994
203295,01-04-2017,1140,2,1,7.8,21,7.1,0,1,5.97,13070081
203296,01-03-2010,1096,3,3,5.3,18,13,1,0,5.39,12776899
203297,01-01-2023,1812,3,2,5.3,30,24.8,1,1,3.63,16415693
203298,01-02-2016,1788,3,3,6.3,13,12.3,0,1,4.71,23737427
203299,01-11-2019,500,1,2,7.2,27,9.1,1,1,7.37,5449154
203300,01-02-2016,2205,4,4,10,35,9.7,0,1,5.83,31411046
203301,01-12-2023,992,2,2,8.2,39,5.1,1,0,3.5,14052492
203302,01-12-2020,604,1,1,7.5,34,11.7,1,1,2.47,6294799
203303,01-08-2015,753,1,3,5.3,16,16.2,0,1,3.39,7565729
203304,01-08-2019,2290,4,3,10,13,1,1,0,5.98,38045350
203305,01-09-2016,1654,3,3,5.1,21,18.6,0,1,4.21,15415023
203306,01-02-2021,2199,3,3,4.6,10,27.9,1,0,4.71,22522163
203307,01-05-2017,2197,4,3,6.8,63,3.3,1,0,2.31,26108946
203308,01-05-2021,1138,3,1,9.7,36,1,0,1,7.53,18519243
203309,01-03-2015,2524,5,5,4.8,32,5.7,1,0,1.9,25247474
203310,01-07-2018,1863,4,3,6.5,34,11.8,1,1,7.06,21943176
203311,01-04-2013,2103,4,3,7,48,1,0,0,6.66,25005767
203312,01-06-2016,1006,2,2,5.9,20,9.7,0,0,1.06,10992696
203313,01-12-2019,2281,4,3,4.7,42,17.9,1,0,7.45,21245568
203314,01-01-2023,1287,3,3,6.8,25,26.2,1,0,4.85,14272510
203315,01-07-2023,500,2,3,8.1,8,14.7,1,0,2.77,8107913
203316,01-08-2016,1823,3,3,2.6,36,26,1,1,3.24,11912390
203317,01-05-2018,2194,5,5,8.2,21,12.3,1,0,6.05,26377487
203318,01-06-2017,688,1,1,6.7,17,7.6,1,1,5.43,8817749
203319,01-09-2010,727,2,2,5.5,36,18.2,1,1,7.07,4648093
203320,01-04-2022,1301,4,4,6.4,41,17.7,0,0,3.17,15657936
203321,01-04-2016,2374,3,3,6.6,12,7.3,0,0,3.2,27954539
203322,01-02-2018,1595,3,3,8.5,11,14.1,1,1,5.07,25202906
203323,01-02-2022,2196,5,3,6.5,14,8,0,0,2.31,24400241
203324,01-07-2015,1186,1,1,5.5,12,18.1,1,1,6.57,11956479
203325,01-07-2017,1618,4,4,6.8,17,9.1,1,0,7.1,16016398
203326,01-08-2022,2359,4,4,4.4,27,8.3,0,0,3.26,20922677
203327,01-06-2010,1535,2,2,5,40,8.6,1,0,2.57,11359990
203328,01-06-2023,954,2,1,8.4,33,12.4,0,0,2.88,11607128
203329,01-06-2023,2423,5,3,7.1,26,12,0,1,7.8,33879623
203330,01-03-2019,1489,2,2,10,18,8.3,1,1,10.98,19887055
203331,01-04-2020,1101,3,3,6,32,12,0,1,3.78,13531060
203332,01-01-2023,2268,5,4,5.6,14,14.1,1,0,4.78,31113159
203333,01-12-2020,500,1,2,7.7,36,1,0,0,6.21,4863749
203334,01-04-2019,1432,2,3,7.3,14,10.1,0,0,4.07,18612916
203335,01-07-2015,1527,4,2,6.1,10,8,0,0,2.18,19190182
203336,01-11-2012,1071,2,1,7.3,27,10.7,1,0,3.09,11789546
203337,01-10-2023,1232,2,3,9.4,22,6.6,1,1,3.16,20615481
203338,01-01-2015,2508,5,4,6.7,7,10.5,0,1,2.92,31157439
203339,01-08-2021,2297,4,4,4.8,12,26.3,1,1,1,21843233
203340,01-10-2020,1390,3,2,6,38,14.8,1,1,3.21,16632163
203341,01-11-2023,1612,3,2,9.9,20,1,0,1,4.92,29222207
203342,01-03-2021,1516,3,3,8.4,32,11.4,1,1,7.07,20308222
203343,01-09-2021,2020,4,4,7.9,14,9.5,1,1,9.12,30853898
203344,01-04-2013,1170,3,4,6.2,11,10,1,0,6.9,12297662
203345,01-03-2018,500,1,2,4.7,5,13.4,0,0,0.5,5696992
203346,01-05-2012,1466,2,1,2.8,25,22.9,0,0,6.26,11355376
203347,01-10-2021,626,1,2,2.8,22,14.8,1,0,8.16,4225646
203348,01-02-2016,1487,3,3,8.8,23,3.9,1,1,3.56,26040290
203349,01-01-2014,866,1,1,5,10,18.1,0,1,1.44,9265471
203350,01-06-2012,2134,5,4,6.6,39,20.2,1,1,4.02,29892418
203351,01-12-2023,2022,4,3,10,18,7.5,1,0,1.58,33433785
203352,01-03-2021,1100,1,1,6.6,12,16.9,1,1,2.96,13025183
203353,01-03-2011,500,1,1,6.8,27,1,0,0,6.5,5442125
203354,01-02-2021,1783,4,3,8,35,14.7,1,0,4.32,26440276
203355,01-09-2017,1310,3,3,5.8,27,15.1,1,1,4.24,14753705
203356,01-06-2011,1186,1,2,8,24,6.4,0,0,3.14,14078628
203357,01-07-2018,2827,6,4,4.2,24,19.6,0,1,6.12,24852608
203358,01-06-2019,1295,2,2,9.5,10,1,1,1,4.83,23410214
203359,01-02-2020,2392,4,3,4.4,31,23.9,0,1,5.07,27397276
203360,01-02-2018,959,2,3,6,30,13,0,0,3.66,10057397
203361,01-12-2018,2609,6,6,8,28,1,1,0,4.35,33294266
203362,01-12-2016,2267,4,4,4,30,11.5,1,0,2.87,17535443
203363,01-03-2023,1994,4,4,8.4,22,2.7,0,1,6.56,27357126
203364,01-12-2012,2619,6,5,9.5,9,6.7,1,0,4.07,35900682
203365,01-12-2017,1196,2,2,6.7,17,1,0,0,4.53,15930082
203366,01-01-2012,2050,4,3,7,20,22.4,0,0,8.08,25697919
203367,01-07-2013,1441,4,3,5.7,33,9.6,0,0,2.84,14371947
203368,01-02-2013,1578,3,3,7.7,19,13.7,1,1,1.58,22194997
203369,01-08-2022,3017,6,6,8.3,29,1,1,0,4.52,36465886
203370,01-07-2011,500,2,2,8.1,38,10.4,0,0,3.64,5265809
203371,01-09-2014,2228,3,3,6.6,33,13.7,1,1,5.98,24885987
203372,01-09-2011,2874,5,4,8.9,28,8.7,1,1,1.93,38846060
203373,01-12-2017,989,1,2,7.7,44,15,0,1,2.44,12588811
203374,01-01-2017,748,2,3,7.3,14,13.1,1,0,4,11021479
203375,01-08-2016,1906,3,2,9.1,17,1,0,0,4.31,27730258
203376,01-05-2018,1701,2,2,7.2,22,13.7,1,0,4.24,22814211
203377,01-12-2018,2857,6,4,5.4,11,12,0,1,0.76,36450240
203378,01-08-2015,1127,1,1,9.9,5,1,1,0,8.98,16283531
203379,01-01-2013,1183,2,2,5.3,23,19.6,0,1,3.59,12067736
203380,01-04-2013,1690,3,3,7.7,20,20.9,1,0,0.5,23119412
203381,01-04-2011,2138,6,5,7.3,17,17,0,1,4.58,28619940
203382,01-01-2012,500,1,2,7.8,27,4,0,0,2.49,5641591
203383,01-05-2022,1994,3,3,7.3,19,10.3,1,1,6.51,27841131
203384,01-04-2013,1147,2,2,4.5,12,19.6,1,0,2.72,12190150
203385,01-11-2017,1109,1,1,4.7,15,11.1,0,1,4.16,10009968
203386,01-07-2014,1905,4,3,7.9,28,16.6,0,1,4.84,31183277
203387,01-04-2014,839,3,3,6.1,32,17.5,1,1,5.67,8256900
203388,01-05-2013,1834,5,3,5.5,63,20.3,1,1,3.01,17700709
203389,01-07-2022,1424,3,1,7.2,33,10.5,1,1,3.75,19268859
203390,01-09-2017,1558,3,2,7.8,10,4.6,0,1,5.47,20735332
203391,01-06-2017,865,2,2,5.9,5,16.2,1,0,0.63,11702485
203392,01-06-2012,1103,3,1,8.2,10,12.1,1,0,6.07,14533244
203393,01-10-2010,1894,3,2,10,36,1,0,0,3.23,32694586
203394,01-10-2010,1231,2,1,5.8,11,15.7,0,0,6.66,13128141
203395,01-06-2010,939,2,2,7,24,8.7,1,0,3.65,12112798
203396,01-12-2015,1169,2,1,10,5,15.4,1,0,6.14,20221981
203397,01-08-2023,944,2,3,8.4,10,9.6,1,0,5.22,12518717
203398,01-07-2018,2018,3,4,4.4,13,9.7,1,0,5.71,20970796
203399,01-11-2012,2146,4,3,6.6,5,14.1,1,1,3.2,28788909
203400,01-11-2021,1720,3,3,4.4,35,19,0,0,4.92,16266270
203401,01-09-2014,2021,4,3,9.2,19,8.5,0,1,3.43,29393367
203402,01-02-2020,1496,3,3,6.7,36,13.3,0,0,6.25,19097470
203403,01-08-2012,2060,4,3,7.7,20,12.4,1,0,5.71,26501781
203404,01-12-2016,622,1,1,7.3,14,3,0,1,5.85,8997264
203405,01-11-2013,2036,4,2,8.4,16,8.5,0,1,3.54,34352611
203406,01-09-2017,2105,4,3,5.2,3,22.8,0,1,0.71,24104959
203407,01-02-2013,2095,5,5,6.3,19,15.2,0,0,5.34,23213090
203408,01-09-2017,1696,3,2,6.6,31,11,1,1,2.18,22416718
203409,01-03-2015,2197,4,3,9.7,20,4,1,0,4.19,29686947
203410,01-05-2018,1200,3,3,6,23,12.4,0,0,5.66,12408548
203411,01-06-2015,1825,4,4,5.1,34,19.9,0,1,2.53,18279280
203412,01-10-2012,2532,5,4,2.7,20,33.1,1,1,3.79,20033303
203413,01-09-2015,1805,4,2,7.2,51,11.3,0,1,4.78,18020855
203414,01-09-2023,1429,3,2,6.4,33,15.4,0,1,1.05,14786656
203415,01-08-2013,2322,6,5,4.2,19,14.8,0,0,4.92,15565613
203416,01-01-2015,1626,3,1,3,12,23.4,1,0,0.69,12313111
203417,01-01-2018,2359,6,5,5.4,29,18.2,1,1,4.93,28433462
203418,01-01-2011,2192,3,2,5.4,4,10.1,1,0,7.91,21216696
203419,01-04-2018,1356,3,2,7.5,33,5,1,1,2.99,15330024
203420,01-04-2022,1928,4,3,4.8,16,14,1,0,6.45,20998497
203421,01-02-2010,1879,4,3,4.6,43,14,1,0,6.7,14507948
203422,01-01-2022,2218,6,5,7.8,21,7.4,1,1,0.5,35958542
203423,01-07-2022,1702,3,2,6.6,45,12.1,0,1,7.57,21523613
203424,01-06-2012,1272,2,2,7.2,22,12.6,0,0,4.98,19145625
203425,01-09-2017,2246,4,4,4.4,19,26.8,1,0,0.5,20396465
203426,01-11-2014,2992,7,6,5.5,59,19,1,1,1.21,30333249
203427,01-03-2019,1015,1,1,8.1,27,9,0,0,4.78,10672893
203428,01-02-2021,1711,3,2,9.4,31,3.9,0,1,0.5,26860556
203429,01-09-2015,3456,7,6,8.6,10,12.4,1,1,2.82,55570775
203430,01-05-2016,1632,3,2,10,16,4.9,1,0,6.07,26421317
203431,01-02-2021,1576,3,3,5.2,5,15.7,0,1,3.85,16825701
203432,01-04-2023,1517,4,3,3.7,16,13,0,1,6.69,11714045
203433,01-10-2011,1894,4,3,10,37,6.7,1,0,2.5,31367048
203434,01-09-2016,2693,5,3,9.1,30,9.6,0,1,0.95,32843103
203435,01-04-2019,1382,3,3,9.7,22,7.3,0,0,4.07,21494341
203436,01-05-2023,1574,3,1,6.7,14,13.4,1,1,5.81,19146527
203437,01-07-2018,2376,6,4,5.6,17,8.7,1,1,4.36,27085008
203438,01-08-2019,1190,2,1,8.1,37,9.7,0,0,5.51,16713109
203439,01-01-2015,1919,3,3,8.9,11,4.8,0,0,5.3,22839382
203440,01-05-2014,1603,3,2,6,26,13.9,0,0,5.46,17187197
203441,01-09-2016,1294,3,3,7.5,12,5.1,1,0,3.51,19465263
203442,01-09-2017,1383,3,4,6.3,37,12.4,0,1,1.95,17278736
203443,01-02-2019,2084,3,3,6.4,21,20.4,1,1,3.76,23408039
203444,01-02-2017,1664,2,3,9.2,25,2.4,0,0,1.82,24706676
203445,01-02-2023,1626,4,3,3.2,43,21.4,0,0,7.57,12778128
203446,01-02-2015,1917,4,2,6.2,13,14.8,1,0,3.09,25849968
203447,01-01-2020,1510,3,3,6.9,20,13.7,1,1,2.95,21284275
203448,01-10-2023,1024,2,2,5.1,15,11,1,0,0.5,10824027
203449,01-12-2017,2202,4,3,8,8,7.1,0,0,5.5,29467741
203450,01-09-2011,2267,5,3,5.6,26,15.1,1,1,7.74,26061297
203451,01-06-2021,2196,4,3,5.8,21,4.2,0,0,6.26,26716470
203452,01-02-2011,2743,5,3,7.6,42,15,0,1,2.04,33862768
203453,01-11-2018,2316,5,4,6.6,28,19.9,1,1,3.61,36662718
203454,01-08-2017,923,3,2,5.4,1,16.8,0,0,4.81,10734209
203455,01-09-2019,2395,4,4,6.6,26,15.7,1,1,3.87,30346422
203456,01-02-2016,1852,2,1,5.2,41,21.5,0,0,3.25,18600598
203457,01-12-2014,710,4,2,5.1,16,22.2,1,1,4.05,8345362
203458,01-11-2014,1356,3,3,4.6,55,24.6,0,1,4.36,9370199
203459,01-03-2014,2432,5,4,4.4,17,11.2,0,1,7.51,22438305
203460,01-10-2011,900,2,2,6.2,31,7.6,0,0,2.42,7777250
203461,01-03-2011,1940,4,3,8.8,8,1,1,0,5.28,34450333
203462,01-03-2016,2037,5,3,4.7,10,18,0,0,1.72,19470106
203463,01-12-2012,1849,5,4,7,33,14,1,0,3.09,22831616
203464,01-06-2021,1877,4,4,5.5,11,17.5,1,0,5.19,21234692
203465,01-03-2010,2072,4,3,8.3,10,8.2,0,1,2.36,30420454
203466,01-01-2015,1623,1,1,8.3,15,8.7,0,0,5.06,21607583
203467,01-10-2018,766,1,1,7,24,6.8,1,1,4.59,8212249
203468,01-11-2023,1241,3,3,6.3,27,13,1,0,4.72,13925089
203469,01-02-2011,2170,4,4,6.8,16,11.1,0,0,1.04,29967499
203470,01-10-2012,911,3,3,6.6,6,17.1,0,1,7.88,12853335
203471,01-06-2020,500,1,2,4.9,16,15.8,0,0,8.35,3806409
203472,01-10-2015,1777,4,3,8.6,26,1,0,0,5.46,24932072
203473,01-12-2017,997,1,2,7.4,19,5.2,1,1,2.45,10949343
203474,01-07-2020,1090,3,3,6.7,37,13.6,0,0,2.66,12810095
203475,01-06-2011,2125,4,2,5.3,16,4.8,0,1,4.36,23309516
203476,01-02-2010,1723,3,3,5.1,8,6,1,0,5.38,19842551
203477,01-07-2020,1462,2,2,4,6,25.1,0,0,5.28,13859582
203478,01-12-2015,1636,4,3,8.9,11,5.8,0,0,4.55,25862193
203479,01-06-2017,2495,6,5,6.1,24,14.4,0,0,6.41,30401241
203480,01-10-2020,1753,4,4,7.2,5,9,1,1,5.84,24062742
203481,01-12-2019,1982,3,3,7.3,10,7.1,0,0,4.24,25036384
203482,01-07-2010,1429,3,2,7.5,1,12.2,0,0,7.77,18263345
203483,01-01-2013,674,1,1,7.7,20,13.4,0,1,6.27,8044512
203484,01-08-2015,1904,4,4,5.1,20,14.6,1,0,6.16,18150418
203485,01-09-2013,1592,1,1,9.4,40,1,1,0,4.49,25421483
203486,01-10-2017,1962,4,3,6,23,15.8,0,0,4.18,23483250
203487,01-12-2022,2099,4,3,10,15,7.4,1,1,4.74,37218949
203488,01-11-2010,1350,2,1,5.5,58,9.4,0,1,6.87,11932603
203489,01-10-2012,1549,5,4,7.5,19,17.6,0,1,6.59,23361868
203490,01-06-2015,2356,4,4,6,16,17.1,1,0,2.92,22857615
203491,01-06-2011,1531,3,3,5.9,41,23.2,0,0,2.02,15278285
203492,01-08-2014,2748,6,5,6.4,17,11.1,0,1,4.98,37006729
203493,01-11-2021,1645,3,3,6.7,35,6.7,1,0,7.21,20377961
203494,01-10-2018,2068,5,4,6,39,15.8,1,1,4.98,23274354
203495,01-05-2011,1123,3,3,5.2,38,22.6,1,1,0.85,11466391
203496,01-04-2020,1508,3,3,7.3,43,8.6,0,1,5.31,19175027
203497,01-11-2011,2036,4,3,7.6,17,6.5,1,1,3.52,28535169
203498,01-10-2020,2051,3,3,8.3,17,7.2,1,0,1.9,26611585
203499,01-09-2017,2085,4,4,4.9,18,15.7,0,1,3.8,21148637
203500,01-06-2017,1544,4,3,5,11,13.4,0,1,4.59,16394815
203501,01-07-2022,1217,2,1,3.3,42,14.7,1,1,5.14,8068981
203502,01-09-2013,1074,3,3,6.1,45,20.5,1,1,4.93,11510299
203503,01-07-2020,1509,2,2,5.5,8,9.3,1,0,2.13,20102859
203504,01-11-2014,1934,3,2,7.2,8,3.4,0,1,1.1,24185773
203505,01-09-2011,2304,5,4,8.4,33,1,1,0,2.64,29620995
203506,01-09-2013,2429,5,4,7.8,42,12.3,1,0,6.77,29944514
203507,01-04-2018,1294,2,3,4.6,62,12.1,0,1,7.65,10431723
203508,01-08-2015,1503,3,3,4.1,15,20,0,0,6.92,12270463
203509,01-03-2012,1820,4,4,6.6,21,10.5,1,1,3.92,23935122
203510,01-01-2017,2060,4,3,5.1,18,13.7,0,0,7.38,23496261
203511,01-09-2010,1226,3,2,10,12,5.5,1,0,4,22677109
203512,01-06-2019,2398,4,3,7.3,28,12.8,1,0,6.45,26306415
203513,01-02-2021,1529,3,2,7.8,12,14.2,1,0,4.64,23424304
203514,01-02-2011,1418,3,2,7.9,11,23.3,0,0,1.48,18044470
203515,01-06-2013,926,2,1,9.8,23,6.9,1,0,6.87,12129184
203516,01-05-2017,2431,5,4,7.3,24,15.2,0,0,5.77,33665855
203517,01-02-2015,1000,1,1,7.3,30,14.1,1,1,4.11,12096945
203518,01-07-2012,1984,3,2,7,15,15.9,0,0,4.79,30287164
203519,01-10-2012,1384,3,4,5.4,12,11.9,0,0,1.55,13482448
203520,01-05-2022,1608,3,3,8.6,32,13.9,0,0,7.98,25119489
203521,01-04-2012,1808,4,4,4.8,13,21.3,0,0,2.94,19367169
203522,01-10-2016,2081,5,5,8.3,27,1.1,0,1,3.88,30924802
203523,01-10-2018,2653,5,4,5.6,15,18.2,0,0,0.5,30072656
203524,01-11-2023,567,2,2,5,32,13.8,0,1,2.47,5216141
203525,01-12-2011,2115,5,4,7.4,14,11,0,0,5.23,33173138
203526,01-05-2015,2032,4,3,5.6,39,15.1,0,0,4.58,22506448
203527,01-05-2023,1537,2,2,7.7,22,10.2,0,1,6,22692277
203528,01-01-2023,2579,5,4,6.8,24,22.3,1,1,5.59,30555097
203529,01-08-2015,3654,7,6,8.8,30,7.8,1,1,2.25,56861222
203530,01-11-2023,1748,3,3,9,23,10,0,0,2.06,30404393
203531,01-05-2023,2010,3,3,4.5,17,23.2,1,1,5.72,20167685
203532,01-09-2013,500,1,1,6.8,18,7.8,0,0,0.52,6016126
203533,01-12-2021,2895,6,4,5.1,12,12.2,1,0,5.92,29313087
203534,01-12-2014,1217,2,1,6.6,7,6.1,0,1,4.44,14822366
203535,01-10-2013,2335,5,4,6.9,9,13.2,1,0,3,28074697
203536,01-11-2013,2349,3,3,5.8,16,16.7,1,1,6.97,24702778
203537,01-09-2014,2575,5,4,6.7,24,1,0,1,2.69,33916841
203538,01-08-2020,1492,4,3,5.3,37,14.2,0,0,1.25,13359651
203539,01-12-2012,1962,3,1,4.8,14,17.8,1,1,5.06,17397297
203540,01-01-2018,1637,3,2,3.6,22,21.4,1,1,2.96,15183840
203541,01-08-2022,1706,2,1,9,16,1,0,0,5.92,22740105
203542,01-06-2020,1498,3,3,8.6,20,3.8,1,0,5.79,17594946
203543,01-07-2019,2160,5,4,10,24,6.7,1,0,3.88,34958865
203544,01-11-2014,2005,4,3,7,19,13.5,1,1,4.43,24620830
203545,01-08-2019,1082,2,1,8.1,26,8.9,1,1,5,15002660
203546,01-05-2019,1854,4,4,9.4,31,2.5,0,1,6.07,29603759
203547,01-08-2012,1696,4,3,3.2,41,24.9,1,1,4.97,12953925
203548,01-08-2014,1168,2,1,6.7,33,17,1,0,6.15,12379849
203549,01-05-2011,1345,3,4,6.4,24,9.9,0,0,7.02,17616098
203550,01-03-2019,1835,4,5,6.4,6,13.7,0,0,5.85,21406231
203551,01-10-2023,1337,2,2,6.3,42,12.2,0,1,3.78,13101584
203552,01-06-2016,1368,4,4,5.8,18,16.8,0,1,1.4,17114330
203553,01-11-2023,2667,6,5,5.4,5,24.4,0,1,2.53,32757345
203554,01-01-2023,1779,5,5,5.9,11,16.5,1,1,2.75,23318029
203555,01-01-2019,722,2,2,5.3,26,19.5,1,1,0.82,8343069
203556,01-04-2014,1711,4,3,5.3,39,24.4,0,1,5.8,16281688
203557,01-05-2019,1920,4,3,6.6,24,20.7,1,1,5.65,24898441
203558,01-09-2019,1581,4,3,5.5,30,16.5,1,1,5.24,19242490
203559,01-03-2019,1625,3,2,4.7,36,18,1,1,5.36,20038860
203560,01-08-2019,2034,4,3,7.1,29,7,1,0,6.69,27660107
203561,01-06-2015,841,3,3,6.2,8,10.4,0,0,5.45,9881469
203562,01-03-2020,959,1,2,10,24,1.5,1,1,5.29,15628513
203563,01-03-2019,1701,3,2,4.3,28,25.8,0,1,6.13,16892312
203564,01-03-2017,1127,3,2,9,19,9.1,1,0,2.11,17082156
203565,01-07-2022,864,2,2,5.4,19,11.6,0,1,0.5,9501242
203566,01-08-2016,2348,5,4,6.9,32,18.2,0,1,0.97,28654257
203567,01-09-2012,2531,6,5,2.8,10,27.6,0,0,4.3,24713489
203568,01-12-2013,1766,3,2,9.1,11,9.3,0,0,3.05,32787687
203569,01-07-2015,819,3,2,4.1,41,31,0,0,5.33,5507198
203570,01-05-2017,2054,5,4,8.2,32,13.8,1,0,7.53,25676644
203571,01-04-2019,1247,2,2,6.2,11,14.3,1,0,5.34,16707051
203572,01-02-2017,2269,5,3,8.4,17,6.4,0,1,3.25,34179243
203573,01-02-2016,1408,3,2,7.8,24,5.5,0,0,4.57,17857897
203574,01-01-2017,2251,4,3,7.7,14,9.8,1,1,4.3,29840750
203575,01-08-2022,1166,2,2,4.6,22,10.6,1,1,4.9,10562490
203576,01-07-2015,518,1,1,5.2,24,27.8,1,1,4.96,4837605
203577,01-12-2015,1465,3,2,6.2,32,14.7,0,1,2.09,16974355
203578,01-05-2013,2137,5,4,6.3,6,22.4,1,1,5.58,28062033
203579,01-11-2023,2820,5,4,6.9,5,4.4,1,0,3.57,32007867
203580,01-11-2020,2779,7,5,7.2,15,15.3,0,1,5.81,38134685
203581,01-10-2023,2581,6,5,6.6,14,12.5,1,0,3.11,32561210
203582,01-07-2013,788,2,1,5.5,16,16,0,0,6.6,8629921
203583,01-05-2019,823,1,1,2.6,29,9.6,1,0,8.01,4155095
203584,01-12-2013,1547,3,3,7.4,20,11,0,0,5.17,21953854
203585,01-08-2020,2659,5,3,6.5,11,13.9,0,1,2.46,38606201
203586,01-08-2014,2002,5,4,6.2,11,14.8,1,1,5.86,25196566
203587,01-07-2023,1514,4,4,4.2,23,19.9,0,0,7.45,16097518
203588,01-04-2013,2776,5,3,7.3,45,8.9,0,0,5.16,29584594
203589,01-11-2014,1584,3,2,5.9,6,18.9,0,1,3.48,17271268
203590,01-04-2020,1636,3,3,5.4,17,21.6,1,1,5.22,19172286
203591,01-06-2023,1492,3,2,6.6,44,17.2,0,0,4.93,16625843
203592,01-11-2016,2260,5,4,3.8,45,18.6,1,0,5.25,17029528
203593,01-09-2022,1136,3,3,8.3,25,6.3,1,1,6.2,16338703
203594,01-03-2020,1881,5,3,2.1,40,18.7,0,0,4.29,11898043
203595,01-08-2011,1828,4,3,7,34,12.8,0,1,3.79,21472613
203596,01-12-2016,2328,3,2,8.6,33,12.6,1,0,6.27,33365022
203597,01-05-2017,1778,4,3,5.6,6,14.3,1,0,2.87,21259428
203598,01-11-2014,1718,3,3,3.4,11,19.4,1,0,2.56,14514891
203599,01-01-2023,2163,3,2,4,14,17.9,0,0,2.53,16922345
203600,01-11-2023,1613,3,3,7.3,11,15.8,1,1,2.33,23329648
203601,01-10-2022,1844,3,4,6.1,21,7.7,1,1,0.5,24413230
203602,01-02-2015,1162,2,1,4.5,21,12.8,0,1,4.12,10515140
203603,01-07-2018,2769,7,6,3.3,29,22.9,1,0,3.53,26799794
203604,01-04-2016,1499,3,3,9.9,16,1,0,1,4.86,22592040
203605,01-02-2014,1201,3,3,5.1,33,12.4,1,1,6.79,12323615
203606,01-12-2014,1475,3,3,3.8,5,23.2,0,1,1.91,14892810
203607,01-10-2013,2329,4,3,8,35,17.3,0,0,3.96,28602300
203608,01-12-2020,1235,1,1,9.2,26,7.8,1,0,4.52,22161617
203609,01-11-2021,3260,7,6,9.8,22,1,1,1,7.7,52649158
203610,01-10-2011,1534,3,2,5.6,22,13.2,1,1,5.68,18496770
203611,01-03-2012,1481,3,3,6.9,49,15.6,1,1,0.5,17147145
203612,01-06-2021,1185,3,2,10,31,9.2,0,0,6.16,16943433
203613,01-10-2014,1848,3,3,8.9,35,14.6,1,0,4.8,23035596
203614,01-06-2021,3248,7,5,6,25,10.5,0,1,4.04,36407389
203615,01-03-2015,1672,3,2,8.9,25,8.4,1,0,4.1,21641663
203616,01-06-2023,1779,3,2,6,16,17,0,0,5.31,16621220
203617,01-03-2021,1117,2,3,9,25,3,0,1,2.4,16483750
203618,01-09-2021,1728,3,4,6.5,10,14.7,1,1,3.19,24215068
203619,01-10-2013,2012,4,3,5.5,33,16.7,0,1,5.46,19606524
203620,01-10-2012,720,2,3,6.8,58,3.7,0,0,6.65,7018021
203621,01-03-2010,2303,5,4,6.1,18,16,0,0,2.17,27847211
203622,01-10-2020,981,2,1,4.5,28,14.1,1,0,5.13,8897266
203623,01-04-2011,1920,4,3,9.3,20,1.2,1,0,6.19,33387329
203624,01-06-2022,500,1,1,9,6,5.3,1,1,2.71,9814096
203625,01-02-2016,1108,2,2,5.2,14,23.8,0,1,4.57,13210308
203626,01-07-2010,1799,4,4,8.4,38,12,0,0,6.82,21312502
203627,01-03-2013,1267,2,2,6.1,22,18.1,0,1,2.06,15241363
203628,01-12-2010,2458,4,3,9.7,23,8.6,1,1,2.66,42630926
203629,01-06-2023,1427,3,4,7.4,6,14.3,1,1,1.94,21101091
203630,01-01-2023,1286,3,3,2.2,14,19.1,1,0,5.71,9433734
203631,01-05-2018,1705,4,4,5,25,19.1,1,0,2.94,16802757
203632,01-02-2019,1524,3,2,3.4,9,27.5,0,1,4.85,11788116
203633,01-10-2016,1839,4,3,6.8,33,18.4,1,0,7.22,25639450
203634,01-01-2018,2241,5,5,7,19,4.1,0,0,3.19,32945439
203635,01-12-2020,2195,4,3,6.9,16,7.5,1,1,2.99,24425736
203636,01-03-2013,1406,3,3,4.9,70,18.7,0,0,9.23,11204025
203637,01-08-2022,1470,3,3,2.9,13,21.1,0,0,6.62,10440390
203638,01-01-2018,1590,3,2,5.8,13,20.2,1,1,2.81,19858819
203639,01-07-2022,2404,4,3,6.9,39,6.8,0,0,6.08,26748471
203640,01-08-2023,1711,2,3,10,10,1,0,1,0.8,29684561
203641,01-06-2010,2273,4,4,5.5,17,15,1,0,3.41,29086708
203642,01-06-2023,1260,3,4,5.9,23,20.6,0,1,3.63,14342020
203643,01-10-2015,1103,2,2,4.7,19,16.3,0,1,6.38,9871236
203644,01-09-2010,1507,2,2,4.6,12,13,0,1,2.96,16775488
203645,01-04-2022,806,2,2,7.3,10,7.1,1,1,1.59,11222660
203646,01-10-2020,982,2,1,3.2,33,25.4,1,0,2.32,6964687
203647,01-07-2022,2350,5,5,5.3,15,6,0,0,5.37,24576672
203648,01-09-2023,1197,2,2,6.9,35,9.2,0,0,0.86,16755672
203649,01-07-2010,2231,4,3,3.3,29,13.8,0,0,6.26,19854429
203650,01-01-2021,1832,4,2,7.1,23,10.7,0,1,4.02,20582966
203651,01-02-2011,919,1,1,5.1,33,21.8,1,0,6.65,8005643
203652,01-11-2017,1208,3,3,5.5,27,19.5,1,0,2.26,12076709
203653,01-01-2017,2271,4,4,8.1,26,5.4,1,1,3.07,30735682
203654,01-02-2021,956,2,1,6.3,14,11.2,1,0,3.19,11384948
203655,01-05-2014,730,1,1,5,25,21.4,1,0,4.7,5998583
203656,01-04-2014,1706,4,3,4.3,17,9.6,1,0,1.16,18212995
203657,01-01-2017,946,3,3,3.3,20,15.8,1,1,2.76,8265735
203658,01-08-2016,1600,1,1,4.3,11,17.2,0,0,4.79,12667472
203659,01-03-2020,1696,4,3,7.9,10,6.7,0,1,2.28,24003375
203660,01-03-2015,2114,5,4,7.5,31,15,0,1,7.63,32925395
203661,01-12-2020,832,2,2,1.1,10,25.9,0,1,7.82,5042890
203662,01-09-2013,1281,2,3,5.8,7,15.6,0,0,3.18,14446792
203663,01-04-2013,2820,6,5,8.6,24,3.7,1,0,5.37,46138837
203664,01-09-2021,2451,5,5,6.1,17,17.1,0,0,4.89,28684577
203665,01-06-2023,1424,3,2,5.5,19,10.7,1,1,4.52,17975116
203666,01-07-2018,2433,3,2,5,45,11.2,0,0,2.78,24754979
203667,01-01-2013,1620,3,3,8.1,15,10.6,0,1,0.5,22776927
203668,01-01-2020,714,2,2,7.8,36,10.1,1,0,3.31,7539566
203669,01-11-2015,1658,3,3,5.1,30,21.6,1,0,0.9,14922322
203670,01-07-2023,2398,5,4,6.8,21,12.3,0,0,7.5,36863275
203671,01-04-2018,985,2,2,4.2,43,19,1,0,4.82,7767308
203672,01-06-2020,538,1,2,8.1,12,1,0,1,4.03,7852198
203673,01-02-2015,2563,5,4,7.6,7,5.9,0,1,6.12,37554105
203674,01-05-2014,1659,4,4,4.3,19,29.4,0,0,3.4,14421491
203675,01-08-2015,940,1,1,6.1,7,22.4,0,0,4.88,11483915
203676,01-02-2012,1924,3,2,6.6,16,7.1,0,0,1.89,23799083
203677,01-01-2011,1345,3,3,5.8,6,23.5,1,0,2.35,15072081
203678,01-11-2023,1527,3,3,6.6,37,9.1,1,0,2.16,18090744
203679,01-10-2017,1771,4,3,5.4,9,11.7,0,0,2.78,21082453
203680,01-06-2018,1666,4,2,7.7,29,6.5,0,0,3.5,18339046
203681,01-12-2018,1229,3,2,7.9,20,16.2,1,0,6.59,18254310
203682,01-11-2021,515,1,1,8.7,12,8,1,0,4.88,6755521
203683,01-11-2017,1584,4,3,10,41,16.6,0,1,5.81,27133662
203684,01-04-2012,678,1,1,6.5,21,13.4,1,0,3.43,6713977
203685,01-05-2018,2195,4,3,5.6,16,15.3,1,1,3.2,24949980
203686,01-11-2015,1751,4,4,8.3,22,10.3,1,0,4.07,27583005
203687,01-09-2018,2023,4,4,1.7,23,11.4,1,0,5.61,13960818
203688,01-06-2018,1426,3,3,4.5,38,19.4,1,0,4.09,11405265
203689,01-12-2023,1647,3,2,6.2,25,19.7,1,0,6.56,17647313
203690,01-09-2016,500,1,1,7.1,9,6.2,0,0,3.85,6749974
203691,01-12-2016,2100,5,4,6.1,38,16.2,1,0,4.85,28041275
203692,01-08-2017,1851,5,5,7.1,20,19.8,1,1,2.25,21301735
203693,01-03-2022,2033,4,4,3.1,30,19.2,1,0,6.19,16181178
203694,01-05-2016,2273,4,3,4.8,9,22.6,0,1,2.65,24992635
203695,01-05-2010,1302,3,3,6.4,20,15.6,0,0,6.27,17279579
203696,01-03-2015,1385,3,2,9.1,5,3.3,0,1,5.91,24836115
203697,01-01-2017,969,2,2,6.8,19,14.5,1,1,8.24,11857831
203698,01-03-2017,1238,2,2,6.3,24,3.2,0,1,5.92,15525012
203699,01-08-2018,2664,5,3,7.5,16,14.8,0,0,3.83,36907972
203700,01-02-2012,1149,3,2,6.6,29,13.4,1,1,4.71,14795880
203701,01-07-2022,1349,4,3,4.7,15,17,1,0,1.82,14631364
203702,01-02-2017,1448,2,3,6.9,4,5.6,0,0,8.59,16016808
203703,01-11-2012,3020,7,6,7,10,19.2,0,0,7.26,43080941
203704,01-01-2013,1877,3,3,6.5,26,24.8,1,0,1.37,23203783
203705,01-09-2011,1283,3,3,4.8,35,17.5,1,0,4.05,12155319
203706,01-04-2017,2187,3,3,4,8,20.7,1,1,3.08,19185435
203707,01-08-2012,2543,5,5,2.4,35,25,0,0,5.95,17307292
203708,01-10-2017,1469,2,1,8.8,10,7.6,1,0,7.54,22645153
203709,01-05-2012,2421,5,4,4.4,34,19.5,1,0,3.19,24634494
203710,01-01-2011,792,2,1,7.4,17,19.3,1,1,2.84,9884454
203711,01-12-2012,835,2,1,3,14,28.4,0,1,6.81,5926535
203712,01-11-2016,1513,4,4,7.1,27,10.9,0,0,3.92,19167858
203713,01-05-2020,2585,5,4,6.6,11,2.8,1,1,2.71,27299990
203714,01-08-2010,1504,3,3,7,7,14.2,1,0,6.88,18941578
203715,01-04-2010,2632,6,4,6.3,43,12.3,1,1,6.14,27778373
203716,01-10-2013,1139,2,3,5.5,18,15.5,1,1,6.38,11401765
203717,01-11-2016,1558,4,4,1.6,27,28.3,1,1,2.04,8103675
203718,01-12-2015,1513,3,3,7.1,16,9.4,1,0,1.54,19254287
203719,01-11-2021,1979,5,3,5.6,15,20.2,1,0,4.3,23447175
203720,01-10-2012,1922,3,2,6.3,30,18.8,0,1,3.26,22947230
203721,01-08-2022,1891,4,4,5.2,11,13.8,1,0,3.51,22319806
203722,01-02-2018,1343,2,3,5.8,23,18,1,1,4.16,15949108
203723,01-09-2021,905,2,2,5.2,11,7.6,1,0,3.34,8826026
203724,01-12-2017,2379,5,5,5.5,11,13,1,0,8.84,28089128
203725,01-02-2017,1566,3,2,5.3,7,9.8,0,0,1.44,16328581
203726,01-08-2016,1718,4,3,5.8,26,12.5,1,1,5.81,19997967
203727,01-01-2011,2038,4,4,6.2,7,16.2,0,1,6.75,20922641
203728,01-01-2010,1566,2,2,4.6,17,17.6,1,1,5.94,14861587
203729,01-12-2012,2536,5,4,5.5,18,23.2,0,0,5.82,27645933
203730,01-03-2011,2340,5,5,8.7,25,11.5,0,0,4.18,36826752
203731,01-01-2018,711,1,1,6.1,40,13,0,0,4.69,6272476
203732,01-08-2021,2759,5,4,6.1,17,6.7,0,0,3.65,36730064
203733,01-10-2020,1682,4,3,6.5,17,14.2,1,1,0.5,19231648
203734,01-05-2022,1858,2,1,7.6,36,11.5,0,0,5.64,24204313
203735,01-06-2019,727,2,2,7.5,15,1,1,1,5.88,10269737
203736,01-12-2013,1233,3,3,9.2,28,3.1,1,0,2.48,18286401
203737,01-05-2017,975,2,2,6.1,21,9.5,1,0,6.75,10082423
203738,01-09-2020,2255,5,4,5.5,12,11,1,0,3.41,23362297
203739,01-12-2013,872,2,3,7.9,28,14.3,0,1,6.68,12353100
203740,01-06-2019,1590,4,3,4.5,24,21.6,1,0,2.83,15203598
203741,01-06-2014,1517,3,2,6.3,39,12.8,1,0,6.93,15050049
203742,01-03-2011,1667,3,2,6.6,25,12.3,0,1,4.08,18782841
203743,01-10-2019,1609,4,3,7.4,36,9.9,1,0,8.65,18960055
203744,01-06-2020,1912,5,4,2.4,11,22.7,1,0,6.73,12718440
203745,01-11-2018,2269,5,4,4.6,17,8.3,0,1,8.55,23887314
203746,01-09-2017,1758,4,3,4.5,4,19,1,1,6.47,17377382
203747,01-04-2011,1642,3,2,4.3,32,9.8,1,0,4.72,13538610
203748,01-02-2018,500,2,3,7.7,28,9.9,1,0,9.47,4584596
203749,01-04-2015,2192,4,3,6.2,50,8.4,0,0,6.68,21256967
203750,01-08-2020,1663,4,3,3.3,30,12.9,1,0,0.5,14955618
203751,01-04-2014,2409,6,5,2.7,29,20,1,1,2.67,16573995
203752,01-03-2014,1451,3,2,6.2,25,14,1,1,10.06,14829880
203753,01-09-2020,1030,2,2,6.3,18,9,1,0,5.03,13566786
203754,01-07-2013,2015,4,4,8,44,13.1,0,0,5.66,27328829
203755,01-02-2014,1623,3,2,7.9,70,13.5,1,0,0.52,19728206
203756,01-11-2022,2135,5,3,4.5,56,21.4,1,1,0.79,17729550
203757,01-05-2021,2017,4,4,5.4,21,13.7,1,1,2.43,25410883
203758,01-07-2015,1337,3,3,6.2,29,13.4,0,1,0.5,16360996
203759,01-02-2022,732,1,1,10,21,6.3,1,0,4.39,11489571
203760,01-04-2015,1429,4,3,10,16,9.3,0,0,4.37,22304834
203761,01-11-2012,1722,4,3,5.4,21,20.8,1,0,1.76,17425895
203762,01-02-2020,1918,2,2,4.8,15,15.3,0,1,2.63,21445759
203763,01-05-2016,1644,3,3,5.4,30,5.5,0,0,4.67,17445414
203764,01-09-2016,2221,5,5,7.5,18,6.8,1,1,0.71,29287088
203765,01-06-2015,1675,4,3,9.8,16,6.9,1,1,2.7,27113718
203766,01-11-2021,1486,3,2,3.2,15,25.8,1,0,4.54,13124106
203767,01-02-2010,1718,4,2,10,21,13.3,0,1,2.98,28601743
203768,01-06-2021,2312,3,2,4.7,32,14.2,0,1,5.69,25386578
203769,01-09-2020,1847,4,4,6.6,18,17.5,0,0,2.36,20598981
203770,01-01-2014,1169,2,1,5.8,16,21.5,1,0,6.49,12722916
203771,01-06-2017,1464,4,2,5.4,20,21.3,1,0,4.78,15011271
203772,01-07-2021,1355,3,3,8.7,18,1,0,0,7.13,18539270
203773,01-11-2017,778,2,1,7.4,17,9.4,1,1,6.18,10426049
203774,01-04-2011,2199,5,4,10,8,10.8,0,1,5.5,36724885
203775,01-12-2010,1812,4,3,7.7,32,14.3,0,0,1.05,23059491
203776,01-12-2010,2322,2,3,7.4,13,13.8,0,0,0.72,28921319
203777,01-12-2014,1799,4,3,6.2,22,17,0,1,6.77,20015983
203778,01-12-2016,924,2,1,5,13,16.9,1,0,2.95,8233704
203779,01-01-2022,1427,2,2,9.6,22,8.2,0,0,2.14,25964174
203780,01-07-2016,882,2,2,5.3,26,22.3,1,0,3.68,7683232
203781,01-11-2015,2238,4,3,6.7,14,11.7,1,0,5.3,26480874
203782,01-07-2013,2260,5,4,7.6,18,12.4,1,1,5.06,28440682
203783,01-04-2014,2248,3,3,4.4,36,23.9,0,0,7.39,21672324
203784,01-01-2012,1346,2,2,8.9,29,3.3,1,1,0.72,21425058
203785,01-09-2017,1418,3,3,6.3,22,8.9,1,0,4.35,14511159
203786,01-09-2014,2690,5,4,5.5,44,11.5,0,1,2.95,31560748
203787,01-07-2018,1085,2,2,3.9,30,16.7,1,1,3.81,8424553
203788,01-05-2015,598,2,3,5.3,22,10.4,1,0,5.41,6947261
203789,01-12-2014,1813,4,4,8.1,39,11.4,0,0,3.32,31156038
203790,01-07-2022,2332,4,4,4.3,27,22.1,1,1,5.03,19614791
203791,01-06-2013,1748,3,3,5.8,22,17.3,0,0,1.69,15493157
203792,01-01-2018,2608,6,4,6.7,44,14.6,1,1,6.77,29435503
203793,01-02-2023,2776,5,4,7.8,10,9.3,1,0,1.7,43902792
203794,01-03-2013,1194,2,3,5.2,13,12.7,1,1,4.76,10474746
203795,01-07-2020,1152,3,2,8.1,11,13.4,1,1,4.02,16062163
203796,01-04-2010,992,3,3,7.4,22,11.6,0,0,3.45,10901127
203797,01-04-2019,2295,4,4,2.8,22,23,0,0,5.38,20662246
203798,01-10-2020,2050,2,1,8.7,38,11,0,0,2.9,32486165
203799,01-03-2012,1957,6,4,7.8,22,1.2,0,0,4.31,25004531
203800,01-01-2013,1846,4,3,6.7,23,1,1,0,7.02,24138565
